STARTDATE_EPOCH|STOPDATE_EPOCH|DURATION_MS|STARTDATE|STOPDATE|DURATION|BENCHMARK|DATABASE|SCALE_FACTOR|ENGINE|FILE_FORMAT|QUERY
1441362318|1441362399|81000|2015/09/04:10:25:18|2015/09/04:10:26:39|0h 1m 21s|tpch|tpch_orc_2sf|2|hive|orc|Query 1
1441362399|1441362526|127000|2015/09/04:10:26:39|2015/09/04:10:28:46|0h 2m 7s|tpch|tpch_orc_2sf|2|hive|orc|Query 2
1441362526|1441362639|113000|2015/09/04:10:28:46|2015/09/04:10:30:39|0h 1m 53s|tpch|tpch_orc_2sf|2|hive|orc|Query 3
1450361236|1450361381|145000|2015/12/17:14:07:16|2015/12/17:14:09:41|0h 2m 25s|tpch|tpch_orc_2sf|2|hive|orc|Query 1
1450361381|1450361624|243000|2015/12/17:14:09:41|2015/12/17:14:13:44|0h 4m 3s|tpch|tpch_orc_2sf|2|hive|orc|Query 2
1450361624|1450361840|216000|2015/12/17:14:13:44|2015/12/17:14:17:20|0h 3m 36s|tpch|tpch_orc_2sf|2|hive|orc|Query 3
1450361840|1450362035|195000|2015/12/17:14:17:20|2015/12/17:14:20:35|0h 3m 15s|tpch|tpch_orc_2sf|2|hive|orc|Query 4
1450362035|1450362647|612000|2015/12/17:14:20:35|2015/12/17:14:30:47|0h 10m 12s|tpch|tpch_orc_2sf|2|hive|orc|Query 5
1450362647|1450362727|80000|2015/12/17:14:30:47|2015/12/17:14:32:07|0h 1m 20s|tpch|tpch_orc_2sf|2|hive|orc|Query 6
1450362727|1450363182|455000|2015/12/17:14:32:07|2015/12/17:14:39:42|0h 7m 35s|tpch|tpch_orc_2sf|2|hive|orc|Query 7
1450363182|1450363446|264000|2015/12/17:14:39:42|2015/12/17:14:44:06|0h 4m 24s|tpch|tpch_orc_2sf|2|hive|orc|Query 8
1450363447|1450364061|614000|2015/12/17:14:44:07|2015/12/17:14:54:21|0h 10m 14s|tpch|tpch_orc_2sf|2|hive|orc|Query 9
1450364061|1450364418|357000|2015/12/17:14:54:21|2015/12/17:15:00:18|0h 5m 57s|tpch|tpch_orc_2sf|2|hive|orc|Query 10
1450364418|1450364677|259000|2015/12/17:15:00:18|2015/12/17:15:04:37|0h 4m 19s|tpch|tpch_orc_2sf|2|hive|orc|Query 11
1450364677|1450364897|220000|2015/12/17:15:04:37|2015/12/17:15:08:17|0h 3m 40s|tpch|tpch_orc_2sf|2|hive|orc|Query 12
1450364898|1450365110|212000|2015/12/17:15:08:18|2015/12/17:15:11:50|0h 3m 32s|tpch|tpch_orc_2sf|2|hive|orc|Query 13
1450365110|1450365379|269000|2015/12/17:15:11:50|2015/12/17:15:16:19|0h 4m 29s|tpch|tpch_orc_2sf|2|hive|orc|Query 14
1450365379|1450365703|324000|2015/12/17:15:16:19|2015/12/17:15:21:43|0h 5m 24s|tpch|tpch_orc_2sf|2|hive|orc|Query 15
1450365703|1450365912|209000|2015/12/17:15:21:43|2015/12/17:15:25:12|0h 3m 29s|tpch|tpch_orc_2sf|2|hive|orc|Query 16
1450365912|1450366222|310000|2015/12/17:15:25:12|2015/12/17:15:30:22|0h 5m 10s|tpch|tpch_orc_2sf|2|hive|orc|Query 17
1450366222|1450366691|469000|2015/12/17:15:30:22|2015/12/17:15:38:11|0h 7m 49s|tpch|tpch_orc_2sf|2|hive|orc|Query 18
1450366691|1450366749|58000|2015/12/17:15:38:11|2015/12/17:15:39:09|0h 0m 58s|tpch|tpch_orc_2sf|2|hive|orc|Query 19
1450366749|1450366964|215000|2015/12/17:15:39:09|2015/12/17:15:42:44|0h 3m 35s|tpch|tpch_orc_2sf|2|hive|orc|Query 20
1450366964|1450367585|621000|2015/12/17:15:42:44|2015/12/17:15:53:05|0h 10m 21s|tpch|tpch_orc_2sf|2|hive|orc|Query 21
1450367585|1450367855|270000|2015/12/17:15:53:05|2015/12/17:15:57:35|0h 4m 30s|tpch|tpch_orc_2sf|2|hive|orc|Query 22
1453287792|1453287861|69000|2016/01/20:11:03:12|2016/01/20:11:04:21|0h 1m 9s|tpch|tpch_orc_2sf|2|pig|orc|Query 1
1453287861|1453288067|206000|2016/01/20:11:04:21|2016/01/20:11:07:47|0h 3m 26s|tpch|tpch_orc_2sf|2|pig|orc|Query 2
1453288067|1453288092|25000|2016/01/20:11:07:47|2016/01/20:11:08:12|0h 0m 25s|tpch|tpch_orc_2sf|2|pig|orc|Query 3
1453288092|1453288139|47000|2016/01/20:11:08:12|2016/01/20:11:08:59|0h 0m 47s|tpch|tpch_orc_2sf|2|pig|orc|Query 4
1453288139|1453288212|73000|2016/01/20:11:08:59|2016/01/20:11:10:12|0h 1m 13s|tpch|tpch_orc_2sf|2|pig|orc|Query 5
1453288212|1453288260|48000|2016/01/20:11:10:12|2016/01/20:11:11:00|0h 0m 48s|tpch|tpch_orc_2sf|2|pig|orc|Query 6
1453288261|1453288306|45000|2016/01/20:11:11:00|2016/01/20:11:11:46|0h 0m 45s|tpch|tpch_orc_2sf|2|pig|orc|Query 7
1453288306|1453288351|45000|2016/01/20:11:11:46|2016/01/20:11:12:31|0h 0m 45s|tpch|tpch_orc_2sf|2|pig|orc|Query 8
1453288351|1453288415|64000|2016/01/20:11:12:31|2016/01/20:11:13:35|0h 1m 4s|tpch|tpch_orc_2sf|2|pig|orc|Query 9
1453288415|1453288458|43000|2016/01/20:11:13:35|2016/01/20:11:14:18|0h 0m 43s|tpch|tpch_orc_2sf|2|pig|orc|Query 10
1453288458|1453288472|14000|2016/01/20:11:14:18|2016/01/20:11:14:32|0h 0m 14s|tpch|tpch_orc_2sf|2|pig|orc|Query 11
1453288472|1453288486|14000|2016/01/20:11:14:32|2016/01/20:11:14:46|0h 0m 14s|tpch|tpch_orc_2sf|2|pig|orc|Query 12
1453288486|1453288499|13000|2016/01/20:11:14:46|2016/01/20:11:14:59|0h 0m 13s|tpch|tpch_orc_2sf|2|pig|orc|Query 13
1453288499|1453288511|12000|2016/01/20:11:14:59|2016/01/20:11:15:11|0h 0m 12s|tpch|tpch_orc_2sf|2|pig|orc|Query 14
1453288511|1453288523|12000|2016/01/20:11:15:11|2016/01/20:11:15:23|0h 0m 12s|tpch|tpch_orc_2sf|2|pig|orc|Query 15
1453288523|1453288535|12000|2016/01/20:11:15:23|2016/01/20:11:15:35|0h 0m 12s|tpch|tpch_orc_2sf|2|pig|orc|Query 16
1453288535|1453288551|16000|2016/01/20:11:15:35|2016/01/20:11:15:51|0h 0m 16s|tpch|tpch_orc_2sf|2|pig|orc|Query 17
1453288551|1453288573|22000|2016/01/20:11:15:51|2016/01/20:11:16:13|0h 0m 22s|tpch|tpch_orc_2sf|2|pig|orc|Query 18
1453288573|1453288586|13000|2016/01/20:11:16:13|2016/01/20:11:16:26|0h 0m 13s|tpch|tpch_orc_2sf|2|pig|orc|Query 19
1453288586|1453288599|13000|2016/01/20:11:16:26|2016/01/20:11:16:39|0h 0m 13s|tpch|tpch_orc_2sf|2|pig|orc|Query 20
1453288599|1453288620|21000|2016/01/20:11:16:39|2016/01/20:11:17:00|0h 0m 21s|tpch|tpch_orc_2sf|2|pig|orc|Query 21
1453288620|1453288646|26000|2016/01/20:11:17:00|2016/01/20:11:17:26|0h 0m 26s|tpch|tpch_orc_2sf|2|pig|orc|Query 22
1453290195|1453290203|8000|2016/01/20:11:43:15|2016/01/20:11:43:23|0h 0m 8s|tpch|tpch_orc_2sf|2|pig|orc|Query 1
1453290203|1453290370|167000|2016/01/20:11:43:23|2016/01/20:11:46:10|0h 2m 47s|tpch|tpch_orc_2sf|2|pig|orc|Query 2
1453290947|1453290964|17000|2016/01/20:11:55:47|2016/01/20:11:56:04|0h 0m 17s|tpch|tpch_orc_2sf|2|pig|orc|Query 1
1453290964|1453291135|171000|2016/01/20:11:56:04|2016/01/20:11:58:55|0h 2m 51s|tpch|tpch_orc_2sf|2|pig|orc|Query 2
1453292280|1453292307|27000|2016/01/20:12:18:00|2016/01/20:12:18:27|0h 0m 27s|tpch|tpch_orc_2sf|2|hive|orc|Query 1
1453292307|1453292558|251000|2016/01/20:12:18:27|2016/01/20:12:22:38|0h 4m 11s|tpch|tpch_orc_2sf|2|hive|orc|Query 2
1453295681|1453295695|14000|2016/01/20:13:14:41|2016/01/20:13:14:55|0h 0m 14s|tpch|tpch_orc_2sf|2|pig|orc|Query 1
1453295695|1453295864|169000|2016/01/20:13:14:55|2016/01/20:13:17:44|0h 2m 49s|tpch|tpch_orc_2sf|2|pig|orc|Query 2
1453296910|1453296918|8000|2016/01/20:13:35:10|2016/01/20:13:35:18|0h 0m 8s|tpch|tpch_orc_2sf|2|pig|orc|Query 1
1453296918|1453297073|155000|2016/01/20:13:35:18|2016/01/20:13:37:53|0h 2m 35s|tpch|tpch_orc_2sf|2|pig|orc|Query 2
1453297076|1453297084|8000|2016/01/20:13:37:56|2016/01/20:13:38:04|0h 0m 8s|tpch|tpch_orc_2sf|2|pig|orc|Query 1
1453297084|1453297153|69000|2016/01/20:13:38:04|2016/01/20:13:39:13|0h 1m 9s|tpch|tpch_orc_2sf|2|pig|orc|Query 2
1453297302|1453297445|143000|2016/01/20:13:41:42|2016/01/20:13:44:05|0h 2m 23s|tpch|tpch_orc_2sf|2|hive|orc|Query 1
1453297445|1453297674|229000|2016/01/20:13:44:05|2016/01/20:13:47:54|0h 3m 49s|tpch|tpch_orc_2sf|2|hive|orc|Query 2
1453298117|1453298125|8000|2016/01/20:13:55:17|2016/01/20:13:55:25|0h 0m 8s|tpch|tpch_orc_2sf|2|pig|orc|Query 1
1453298125|1453298243|118000|2016/01/20:13:55:25|2016/01/20:13:57:23|0h 1m 58s|tpch|tpch_orc_2sf|2|pig|orc|Query 2
1453298245|1453298254|9000|2016/01/20:13:57:25|2016/01/20:13:57:34|0h 0m 9s|tpch|tpch_orc_2sf|2|pig|orc|Query 1
1453298254|1453298424|170000|2016/01/20:13:57:34|2016/01/20:14:00:24|0h 2m 50s|tpch|tpch_orc_2sf|2|pig|orc|Query 2
1453299996|1453300006|10000|2016/01/20:14:26:36|2016/01/20:14:26:46|0h 0m 10s|tpch|tpch_orc_2sf|2|pig|orc|Query 1
1453300006|1453300082|76000|2016/01/20:14:26:46|2016/01/20:14:28:02|0h 1m 16s|tpch|tpch_orc_2sf|2|pig|orc|Query 2
1453300861|1453300870|9000|2016/01/20:14:41:01|2016/01/20:14:41:10|0h 0m 9s|tpch|tpch_orc_2sf|2|pig|orc|Query 1
1453300870|1453301015|145000|2016/01/20:14:41:10|2016/01/20:14:43:35|0h 2m 25s|tpch|tpch_orc_2sf|2|pig|orc|Query 2
1453301038|1453301861|823000|2016/01/20:14:43:58|2016/01/20:14:57:41|0h 13m 43s|tpch|tpch_orc_2sf|2|pig|orc|Query 1
1453301861|1453301918|57000|2016/01/20:14:57:41|2016/01/20:14:58:38|0h 0m 57s|tpch|tpch_orc_2sf|2|pig|orc|Query 2
1453302259|1453302563|304000|2016/01/20:15:04:19|2016/01/20:15:09:23|0h 5m 4s|tpch|tpch_orc_2sf|2|pig|orc|Query 1
1453302563|1453302566|3000|2016/01/20:15:09:23|2016/01/20:15:09:26|0h 0m 3s|tpch|tpch_orc_2sf|2|pig|orc|Query 2
1453303654|1453304448|794000|2016/01/20:15:27:34|2016/01/20:15:40:48|0h 13m 14s|tpch|tpch_orc_2sf|2|pig|orc|Query 1
1453303956|1453304620|664000|2016/01/20:15:32:36|2016/01/20:15:43:40|0h 11m 4s|tpch|tpch_orc_2sf|2|pig|orc|Query 1
1453817057|1453817277|220000|2016/01/26:14:04:17|2016/01/26:14:07:57|0h 3m 40s|tpch|tpch_orc_2sf|2|hive|orc|Query 1
1453817277|1453817542|265000|2016/01/26:14:07:57|2016/01/26:14:12:22|0h 4m 25s|tpch|tpch_orc_2sf|2|hive|orc|Query 2
1453817542|1453817610|68000|2016/01/26:14:12:22|2016/01/26:14:13:30|0h 1m 8s|tpch|tpch_orc_2sf|2|hive|orc|Query 6
1453817610|1453818016|406000|2016/01/26:14:13:30|2016/01/26:14:20:16|0h 6m 46s|tpch|tpch_orc_2sf|2|hive|orc|Query 7
1453818016|1453818456|440000|2016/01/26:14:20:16|2016/01/26:14:27:36|0h 7m 20s|tpch|tpch_orc_2sf|2|hive|orc|Query 10
1453818456|1453818691|235000|2016/01/26:14:27:36|2016/01/26:14:31:31|0h 3m 55s|tpch|tpch_orc_2sf|2|hive|orc|Query 12
1453818691|1453818913|222000|2016/01/26:14:31:31|2016/01/26:14:35:13|0h 3m 42s|tpch|tpch_orc_2sf|2|hive|orc|Query 13
1453818913|1453819264|351000|2016/01/26:14:35:13|2016/01/26:14:41:04|0h 5m 51s|tpch|tpch_orc_2sf|2|hive|orc|Query 14
1453819264|1453819586|322000|2016/01/26:14:41:04|2016/01/26:14:46:26|0h 5m 22s|tpch|tpch_orc_2sf|2|hive|orc|Query 15
1453819586|1453819781|195000|2016/01/26:14:46:26|2016/01/26:14:49:41|0h 3m 15s|tpch|tpch_orc_2sf|2|hive|orc|Query 16
1453819781|1453819834|53000|2016/01/26:14:49:41|2016/01/26:14:50:34|0h 0m 53s|tpch|tpch_orc_2sf|2|hive|orc|Query 19
1453819834|1453820112|278000|2016/01/26:14:50:34|2016/01/26:14:55:12|0h 4m 38s|tpch|tpch_orc_2sf|2|hive|orc|Query 22
1453821903|1453822447|544000|2016/01/26:15:25:03|2016/01/26:15:34:07|0h 9m 4s|tpch|tpch_orc_2sf|2|pig|orc|Query 1
1453822447|1453822451|4000|2016/01/26:15:34:07|2016/01/26:15:34:11|0h 0m 4s|tpch|tpch_orc_2sf|2|pig|orc|Query 2
1453822451|1453822453|2000|2016/01/26:15:34:11|2016/01/26:15:34:13|0h 0m 2s|tpch|tpch_orc_2sf|2|pig|orc|Query 6
1453822453|1453822453|0|2016/01/26:15:34:13|2016/01/26:15:34:13|0h 0m 0s|tpch|tpch_orc_2sf|2|pig|orc|Query 7
1453822453|1453822457|4000|2016/01/26:15:34:13|2016/01/26:15:34:17|0h 0m 4s|tpch|tpch_orc_2sf|2|pig|orc|Query 10
1453822457|1453822457|0|2016/01/26:15:34:17|2016/01/26:15:34:17|0h 0m 0s|tpch|tpch_orc_2sf|2|pig|orc|Query 12
1453822457|1453822458|1000|2016/01/26:15:34:17|2016/01/26:15:34:18|0h 0m 1s|tpch|tpch_orc_2sf|2|pig|orc|Query 13
1453822458|1453822459|1000|2016/01/26:15:34:18|2016/01/26:15:34:19|0h 0m 1s|tpch|tpch_orc_2sf|2|pig|orc|Query 14
1453822459|1453822459|0|2016/01/26:15:34:19|2016/01/26:15:34:19|0h 0m 0s|tpch|tpch_orc_2sf|2|pig|orc|Query 15
1453822459|1453822460|1000|2016/01/26:15:34:19|2016/01/26:15:34:20|0h 0m 1s|tpch|tpch_orc_2sf|2|pig|orc|Query 16
1453822460|1453822461|1000|2016/01/26:15:34:20|2016/01/26:15:34:21|0h 0m 1s|tpch|tpch_orc_2sf|2|pig|orc|Query 19
1453822461|1453822461|0|2016/01/26:15:34:21|2016/01/26:15:34:21|0h 0m 0s|tpch|tpch_orc_2sf|2|pig|orc|Query 22
1453822689|1453823162|473000|2016/01/26:15:38:09|2016/01/26:15:46:02|0h 7m 53s|tpch|tpch_orc_2sf|2|pig|orc|Query 1
1453823162|1453823397|235000|2016/01/26:15:46:02|2016/01/26:15:49:57|0h 3m 55s|tpch|tpch_orc_2sf|2|pig|orc|Query 2
1453825563|1453825983|420000|2016/01/26:16:26:03|2016/01/26:16:33:03|0h 7m 0s|tpch|tpch_orc_2sf|2|pig|orc|Query 1
1453825983|1453826329|346000|2016/01/26:16:33:03|2016/01/26:16:38:49|0h 5m 46s|tpch|tpch_orc_2sf|2|pig|orc|Query 2
1453826329|1453826402|73000|2016/01/26:16:38:49|2016/01/26:16:40:02|0h 1m 13s|tpch|tpch_orc_2sf|2|pig|orc|Query 6
1453826402|1453826740|338000|2016/01/26:16:40:02|2016/01/26:16:45:40|0h 5m 38s|tpch|tpch_orc_2sf|2|pig|orc|Query 7
1453826740|1453827127|387000|2016/01/26:16:45:40|2016/01/26:16:52:07|0h 6m 27s|tpch|tpch_orc_2sf|2|pig|orc|Query 10
1453827127|1453827372|245000|2016/01/26:16:52:07|2016/01/26:16:56:12|0h 4m 5s|tpch|tpch_orc_2sf|2|pig|orc|Query 12
1453827372|1453827570|198000|2016/01/26:16:56:12|2016/01/26:16:59:30|0h 3m 18s|tpch|tpch_orc_2sf|2|pig|orc|Query 13
1453827570|1453827727|157000|2016/01/26:16:59:30|2016/01/26:17:02:07|0h 2m 37s|tpch|tpch_orc_2sf|2|pig|orc|Query 14
1453827727|1453827976|249000|2016/01/26:17:02:07|2016/01/26:17:06:16|0h 4m 9s|tpch|tpch_orc_2sf|2|pig|orc|Query 15
1453827976|1453828247|271000|2016/01/26:17:06:16|2016/01/26:17:10:47|0h 4m 31s|tpch|tpch_orc_2sf|2|pig|orc|Query 16
1453828247|1453828616|369000|2016/01/26:17:10:47|2016/01/26:17:16:56|0h 6m 9s|tpch|tpch_orc_2sf|2|pig|orc|Query 19
1453828617|1453828936|319000|2016/01/26:17:16:56|2016/01/26:17:22:16|0h 5m 19s|tpch|tpch_orc_2sf|2|pig|orc|Query 22
1453882400|1453882409|9000|2016/01/27:08:13:20|2016/01/27:08:13:29|0h 0m 9s|tpch|tpch_Avro_2sf|2|pig|Avro|Query 1
1453882410|1453882448|38000|2016/01/27:08:13:30|2016/01/27:08:14:08|0h 0m 38s|tpch|tpch_Avro_2sf|2|pig|Avro|Query 2
1453882448|1453882467|19000|2016/01/27:08:14:08|2016/01/27:08:14:27|0h 0m 19s|tpch|tpch_Avro_2sf|2|pig|Avro|Query 6
1453882467|1453882477|10000|2016/01/27:08:14:27|2016/01/27:08:14:37|0h 0m 10s|tpch|tpch_Avro_2sf|2|pig|Avro|Query 7
1453882477|1453882489|12000|2016/01/27:08:14:37|2016/01/27:08:14:49|0h 0m 12s|tpch|tpch_Avro_2sf|2|pig|Avro|Query 10
1453882489|1453882507|18000|2016/01/27:08:14:49|2016/01/27:08:15:07|0h 0m 18s|tpch|tpch_Avro_2sf|2|pig|Avro|Query 12
1453882507|1453882518|11000|2016/01/27:08:15:07|2016/01/27:08:15:18|0h 0m 11s|tpch|tpch_Avro_2sf|2|pig|Avro|Query 13
1453882518|1453882527|9000|2016/01/27:08:15:18|2016/01/27:08:15:27|0h 0m 9s|tpch|tpch_Avro_2sf|2|pig|Avro|Query 14
1453882527|1453882535|8000|2016/01/27:08:15:27|2016/01/27:08:15:35|0h 0m 8s|tpch|tpch_Avro_2sf|2|pig|Avro|Query 15
1453882535|1453882535|0|2016/01/27:08:15:35|2016/01/27:08:15:35|0h 0m 0s|tpch|tpch_Avro_2sf|2|pig|Avro|Query 16
1453882535|1453882536|1000|2016/01/27:08:15:35|2016/01/27:08:15:36|0h 0m 1s|tpch|tpch_Avro_2sf|2|pig|Avro|Query 19
1453882536|1453882536|0|2016/01/27:08:15:36|2016/01/27:08:15:36|0h 0m 0s|tpch|tpch_Avro_2sf|2|pig|Avro|Query 22
1453884114|1453884131|17000|2016/01/27:08:41:54|2016/01/27:08:42:11|0h 0m 17s|tpch|tpch_Avro_2sf|2|pig|Avro|Query 1
1453884131|1453884151|20000|2016/01/27:08:42:11|2016/01/27:08:42:31|0h 0m 20s|tpch|tpch_Avro_2sf|2|pig|Avro|Query 2
1453884151|1453884163|12000|2016/01/27:08:42:31|2016/01/27:08:42:43|0h 0m 12s|tpch|tpch_Avro_2sf|2|pig|Avro|Query 6
1453884163|1453884179|16000|2016/01/27:08:42:43|2016/01/27:08:42:59|0h 0m 16s|tpch|tpch_Avro_2sf|2|pig|Avro|Query 7
1453884179|1453884194|15000|2016/01/27:08:42:59|2016/01/27:08:43:14|0h 0m 15s|tpch|tpch_Avro_2sf|2|pig|Avro|Query 10
1453884194|1453884205|11000|2016/01/27:08:43:14|2016/01/27:08:43:25|0h 0m 11s|tpch|tpch_Avro_2sf|2|pig|Avro|Query 12
1453884205|1453884216|11000|2016/01/27:08:43:25|2016/01/27:08:43:36|0h 0m 11s|tpch|tpch_Avro_2sf|2|pig|Avro|Query 13
1453884216|1453884229|13000|2016/01/27:08:43:36|2016/01/27:08:43:49|0h 0m 13s|tpch|tpch_Avro_2sf|2|pig|Avro|Query 14
1453884229|1453884246|17000|2016/01/27:08:43:49|2016/01/27:08:44:06|0h 0m 17s|tpch|tpch_Avro_2sf|2|pig|Avro|Query 15
1453884246|1453884257|11000|2016/01/27:08:44:06|2016/01/27:08:44:17|0h 0m 11s|tpch|tpch_Avro_2sf|2|pig|Avro|Query 16
1453884257|1453884263|6000|2016/01/27:08:44:17|2016/01/27:08:44:23|0h 0m 6s|tpch|tpch_Avro_2sf|2|pig|Avro|Query 19
1453884263|1453884264|1000|2016/01/27:08:44:23|2016/01/27:08:44:24|0h 0m 1s|tpch|tpch_Avro_2sf|2|pig|Avro|Query 22
1453884310|1453884317|7000|2016/01/27:08:45:10|2016/01/27:08:45:17|0h 0m 7s|tpch|tpch_avro_2sf|2|pig|avro|Query 1
1453884317|1453884325|8000|2016/01/27:08:45:17|2016/01/27:08:45:25|0h 0m 8s|tpch|tpch_avro_2sf|2|pig|avro|Query 2
1453884325|1453884334|9000|2016/01/27:08:45:25|2016/01/27:08:45:34|0h 0m 9s|tpch|tpch_avro_2sf|2|pig|avro|Query 6
1453884334|1453884343|9000|2016/01/27:08:45:34|2016/01/27:08:45:43|0h 0m 9s|tpch|tpch_avro_2sf|2|pig|avro|Query 7
1453884343|1453884345|2000|2016/01/27:08:45:43|2016/01/27:08:45:45|0h 0m 2s|tpch|tpch_avro_2sf|2|pig|avro|Query 10
1453885018|1453885785|767000|2016/01/27:08:56:58|2016/01/27:09:09:45|0h 12m 47s|tpch|tpch_avro_2sf|2|pig|avro|Query 1
1453885785|1453885806|21000|2016/01/27:09:09:45|2016/01/27:09:10:06|0h 0m 21s|tpch|tpch_avro_2sf|2|pig|avro|Query 2
1453885806|1453885818|12000|2016/01/27:09:10:06|2016/01/27:09:10:18|0h 0m 12s|tpch|tpch_avro_2sf|2|pig|avro|Query 6
1453885818|1453885828|10000|2016/01/27:09:10:18|2016/01/27:09:10:28|0h 0m 10s|tpch|tpch_avro_2sf|2|pig|avro|Query 7
1453885828|1453885830|2000|2016/01/27:09:10:28|2016/01/27:09:10:30|0h 0m 2s|tpch|tpch_avro_2sf|2|pig|avro|Query 10
1453885830|1453885830|0|2016/01/27:09:10:30|2016/01/27:09:10:30|0h 0m 0s|tpch|tpch_avro_2sf|2|pig|avro|Query 12
1453885830|1453885831|1000|2016/01/27:09:10:30|2016/01/27:09:10:31|0h 0m 1s|tpch|tpch_avro_2sf|2|pig|avro|Query 13
1453885831|1453885831|0|2016/01/27:09:10:31|2016/01/27:09:10:31|0h 0m 0s|tpch|tpch_avro_2sf|2|pig|avro|Query 14
1453885831|1453885832|1000|2016/01/27:09:10:31|2016/01/27:09:10:32|0h 0m 1s|tpch|tpch_avro_2sf|2|pig|avro|Query 15
1453885832|1453885832|0|2016/01/27:09:10:32|2016/01/27:09:10:32|0h 0m 0s|tpch|tpch_avro_2sf|2|pig|avro|Query 16
1453885832|1453885833|1000|2016/01/27:09:10:32|2016/01/27:09:10:33|0h 0m 1s|tpch|tpch_avro_2sf|2|pig|avro|Query 19
1453886140|1453886743|603000|2016/01/27:09:15:40|2016/01/27:09:25:43|0h 10m 3s|tpch|tpch_avro_2sf|2|pig|avro|Query 1
1453886743|1453887172|429000|2016/01/27:09:25:43|2016/01/27:09:32:52|0h 7m 9s|tpch|tpch_avro_2sf|2|pig|avro|Query 2
1453887172|1453887385|213000|2016/01/27:09:32:52|2016/01/27:09:36:25|0h 3m 33s|tpch|tpch_avro_2sf|2|pig|avro|Query 6
1453887386|1453887989|603000|2016/01/27:09:36:26|2016/01/27:09:46:29|0h 10m 3s|tpch|tpch_avro_2sf|2|pig|avro|Query 7
1453887990|1453888609|619000|2016/01/27:09:46:30|2016/01/27:09:56:49|0h 10m 19s|tpch|tpch_avro_2sf|2|pig|avro|Query 10
1453888609|1453889291|682000|2016/01/27:09:56:49|2016/01/27:10:08:11|0h 11m 22s|tpch|tpch_avro_2sf|2|pig|avro|Query 12
1453889291|1453889742|451000|2016/01/27:10:08:11|2016/01/27:10:15:42|0h 7m 31s|tpch|tpch_avro_2sf|2|pig|avro|Query 13
1453889742|1453890386|644000|2016/01/27:10:15:42|2016/01/27:10:26:26|0h 10m 44s|tpch|tpch_avro_2sf|2|pig|avro|Query 14
1453890386|1453891366|980000|2016/01/27:10:26:26|2016/01/27:10:42:46|0h 16m 20s|tpch|tpch_avro_2sf|2|pig|avro|Query 15
1453891366|1453891878|512000|2016/01/27:10:42:46|2016/01/27:10:51:18|0h 8m 32s|tpch|tpch_avro_2sf|2|pig|avro|Query 16
1453891878|1453892847|969000|2016/01/27:10:51:18|2016/01/27:11:07:27|0h 16m 9s|tpch|tpch_avro_2sf|2|pig|avro|Query 19
1453892847|1453893379|532000|2016/01/27:11:07:27|2016/01/27:11:16:19|0h 8m 52s|tpch|tpch_avro_2sf|2|pig|avro|Query 22
1453896219|1453896236|17000|2016/01/27:12:03:39|2016/01/27:12:03:56|0h 0m 17s|tpch|tpch_parquet_2sf|2|pig|parquet|Query 1
1453896236|1453896254|18000|2016/01/27:12:03:56|2016/01/27:12:04:14|0h 0m 18s|tpch|tpch_parquet_2sf|2|pig|parquet|Query 2
1453896802|1453896868|66000|2016/01/27:12:13:22|2016/01/27:12:14:28|0h 1m 6s|tpch|tpch_parquet_2sf|2|pig|parquet|Query 1
1453896868|1453896949|81000|2016/01/27:12:14:28|2016/01/27:12:15:49|0h 1m 21s|tpch|tpch_parquet_2sf|2|pig|parquet|Query 2
1453896949|1453897012|63000|2016/01/27:12:15:49|2016/01/27:12:16:52|0h 1m 3s|tpch|tpch_parquet_2sf|2|pig|parquet|Query 6
1453900494|1453900504|10000|2016/01/27:13:14:54|2016/01/27:13:15:04|0h 0m 10s|tpch|tpch_parquet_2sf|2|pig|parquet|Query 1
1453900504|1453900508|4000|2016/01/27:13:15:04|2016/01/27:13:15:08|0h 0m 4s|tpch|tpch_parquet_2sf|2|pig|parquet|Query 2
1453900508|1453900510|2000|2016/01/27:13:15:08|2016/01/27:13:15:10|0h 0m 2s|tpch|tpch_parquet_2sf|2|pig|parquet|Query 6
1453900510|1453900510|0|2016/01/27:13:15:10|2016/01/27:13:15:10|0h 0m 0s|tpch|tpch_parquet_2sf|2|pig|parquet|Query 7
1453900510|1453900511|1000|2016/01/27:13:15:10|2016/01/27:13:15:11|0h 0m 1s|tpch|tpch_parquet_2sf|2|pig|parquet|Query 10
1453900511|1453900512|1000|2016/01/27:13:15:11|2016/01/27:13:15:12|0h 0m 1s|tpch|tpch_parquet_2sf|2|pig|parquet|Query 12
1453900512|1453900513|1000|2016/01/27:13:15:12|2016/01/27:13:15:13|0h 0m 1s|tpch|tpch_parquet_2sf|2|pig|parquet|Query 13
1453900513|1453900513|0|2016/01/27:13:15:13|2016/01/27:13:15:13|0h 0m 0s|tpch|tpch_parquet_2sf|2|pig|parquet|Query 14
1453900513|1453900514|1000|2016/01/27:13:15:13|2016/01/27:13:15:14|0h 0m 1s|tpch|tpch_parquet_2sf|2|pig|parquet|Query 15
1453900514|1453900514|0|2016/01/27:13:15:14|2016/01/27:13:15:14|0h 0m 0s|tpch|tpch_parquet_2sf|2|pig|parquet|Query 16
1453900514|1453900515|1000|2016/01/27:13:15:14|2016/01/27:13:15:15|0h 0m 1s|tpch|tpch_parquet_2sf|2|pig|parquet|Query 19
1453900515|1453900516|1000|2016/01/27:13:15:15|2016/01/27:13:15:16|0h 0m 1s|tpch|tpch_parquet_2sf|2|pig|parquet|Query 22
1453900561|1453900568|7000|2016/01/27:13:16:01|2016/01/27:13:16:08|0h 0m 7s|tpch|tpch_parquet_2sf|2|pig|parquet|Query 1
1453900568|1453900572|4000|2016/01/27:13:16:08|2016/01/27:13:16:12|0h 0m 4s|tpch|tpch_parquet_2sf|2|pig|parquet|Query 2
1453901012|1453901019|7000|2016/01/27:13:23:32|2016/01/27:13:23:39|0h 0m 7s|tpch|tpch_parquet_2sf|2|pig|parquet|Query 1
1453901019|1453901024|5000|2016/01/27:13:23:39|2016/01/27:13:23:44|0h 0m 5s|tpch|tpch_parquet_2sf|2|pig|parquet|Query 2
1453901113|1453901120|7000|2016/01/27:13:25:13|2016/01/27:13:25:20|0h 0m 7s|tpch|tpch_parquet_2sf|2|pig|parquet|Query 1
1453901120|1453901131|11000|2016/01/27:13:25:20|2016/01/27:13:25:31|0h 0m 11s|tpch|tpch_parquet_2sf|2|pig|parquet|Query 2
1453901131|1453901141|10000|2016/01/27:13:25:31|2016/01/27:13:25:41|0h 0m 10s|tpch|tpch_parquet_2sf|2|pig|parquet|Query 6
1453901141|1453901151|10000|2016/01/27:13:25:41|2016/01/27:13:25:51|0h 0m 10s|tpch|tpch_parquet_2sf|2|pig|parquet|Query 7
1453901269|1453901284|15000|2016/01/27:13:27:49|2016/01/27:13:28:04|0h 0m 15s|tpch|tpch_parquet_2sf|2|pig|parquet|Query 1
1453901284|1453901289|5000|2016/01/27:13:28:04|2016/01/27:13:28:09|0h 0m 5s|tpch|tpch_parquet_2sf|2|pig|parquet|Query 2
1453901783|1453901791|8000|2016/01/27:13:36:23|2016/01/27:13:36:31|0h 0m 8s|tpch|tpch_parquet_2sf|2|pig|parquet|Query 1
1453901791|1453901796|5000|2016/01/27:13:36:31|2016/01/27:13:36:36|0h 0m 5s|tpch|tpch_parquet_2sf|2|pig|parquet|Query 2
1453901913|1453901917|4000|2016/01/27:13:38:33|2016/01/27:13:38:37|0h 0m 4s|tpch|tpch_parquet_2sf|2|pig|parquet|Query 1
1453901917|1453901919|2000|2016/01/27:13:38:37|2016/01/27:13:38:39|0h 0m 2s|tpch|tpch_parquet_2sf|2|pig|parquet|Query 2
1453901932|1453901944|12000|2016/01/27:13:38:52|2016/01/27:13:39:04|0h 0m 12s|tpch|tpch_parquet_2sf|2|pig|parquet|Query 1
1453901944|1453901948|4000|2016/01/27:13:39:04|2016/01/27:13:39:08|0h 0m 4s|tpch|tpch_parquet_2sf|2|pig|parquet|Query 2
1453902894|1453902906|12000|2016/01/27:13:54:54|2016/01/27:13:55:06|0h 0m 12s|tpch|tpch_parquet_2sf|2|pig|parquet|Query 1
1453902906|1453902915|9000|2016/01/27:13:55:06|2016/01/27:13:55:15|0h 0m 9s|tpch|tpch_parquet_2sf|2|pig|parquet|Query 2
1453902915|1453902915|0|2016/01/27:13:55:15|2016/01/27:13:55:15|0h 0m 0s|tpch|tpch_parquet_2sf|2|pig|parquet|Query 6
1453902915|1453902916|1000|2016/01/27:13:55:15|2016/01/27:13:55:16|0h 0m 1s|tpch|tpch_parquet_2sf|2|pig|parquet|Query 7
1453903038|1453903046|8000|2016/01/27:13:57:18|2016/01/27:13:57:26|0h 0m 8s|tpch|tpch_parquet_2sf|2|pig|parquet|Query 1
1453903046|1453903050|4000|2016/01/27:13:57:26|2016/01/27:13:57:30|0h 0m 4s|tpch|tpch_parquet_2sf|2|pig|parquet|Query 2
1453903050|1453903052|2000|2016/01/27:13:57:30|2016/01/27:13:57:32|0h 0m 2s|tpch|tpch_parquet_2sf|2|pig|parquet|Query 6
1453903143|1453903150|7000|2016/01/27:13:59:03|2016/01/27:13:59:10|0h 0m 7s|tpch|tpch_parquet_2sf|2|pig|parquet|Query 1
1453903150|1453903155|5000|2016/01/27:13:59:10|2016/01/27:13:59:15|0h 0m 5s|tpch|tpch_parquet_2sf|2|pig|parquet|Query 2
1453903572|1453903581|9000|2016/01/27:14:06:12|2016/01/27:14:06:21|0h 0m 9s|tpch|tpch_parquet_2sf|2|pig|parquet|Query 1
1453903581|1453903586|5000|2016/01/27:14:06:21|2016/01/27:14:06:26|0h 0m 5s|tpch|tpch_parquet_2sf|2|pig|parquet|Query 2
1453904158|1453904169|11000|2016/01/27:14:15:58|2016/01/27:14:16:09|0h 0m 11s|tpch|tpch_parquet_2sf|2|pig|parquet|Query 1
1453904169|1453904174|5000|2016/01/27:14:16:09|2016/01/27:14:16:14|0h 0m 5s|tpch|tpch_parquet_2sf|2|pig|parquet|Query 2
1453904272|1453904288|16000|2016/01/27:14:17:52|2016/01/27:14:18:08|0h 0m 16s|tpch|tpch_parquet_2sf|2|pig|parquet|Query 1
1453904288|1453904302|14000|2016/01/27:14:18:08|2016/01/27:14:18:22|0h 0m 14s|tpch|tpch_parquet_2sf|2|pig|parquet|Query 2
1453904302|1453904313|11000|2016/01/27:14:18:22|2016/01/27:14:18:33|0h 0m 11s|tpch|tpch_parquet_2sf|2|pig|parquet|Query 6
1453904313|1453904323|10000|2016/01/27:14:18:33|2016/01/27:14:18:43|0h 0m 10s|tpch|tpch_parquet_2sf|2|pig|parquet|Query 7
1453904323|1453904339|16000|2016/01/27:14:18:43|2016/01/27:14:18:59|0h 0m 16s|tpch|tpch_parquet_2sf|2|pig|parquet|Query 10
1453904339|1453904354|15000|2016/01/27:14:18:59|2016/01/27:14:19:14|0h 0m 15s|tpch|tpch_parquet_2sf|2|pig|parquet|Query 12
1453904354|1453904362|8000|2016/01/27:14:19:14|2016/01/27:14:19:22|0h 0m 8s|tpch|tpch_parquet_2sf|2|pig|parquet|Query 13
1453904362|1453904368|6000|2016/01/27:14:19:22|2016/01/27:14:19:28|0h 0m 6s|tpch|tpch_parquet_2sf|2|pig|parquet|Query 14
1453905584|1453905602|18000|2016/01/27:14:39:44|2016/01/27:14:40:02|0h 0m 18s|tpch|tpch_parquet_2sf|2|pig|parquet|Query 1
1453905602|1453905611|9000|2016/01/27:14:40:02|2016/01/27:14:40:11|0h 0m 9s|tpch|tpch_parquet_2sf|2|pig|parquet|Query 2
1453905611|1453905619|8000|2016/01/27:14:40:11|2016/01/27:14:40:19|0h 0m 8s|tpch|tpch_parquet_2sf|2|pig|parquet|Query 6
1453905619|1453905627|8000|2016/01/27:14:40:19|2016/01/27:14:40:27|0h 0m 8s|tpch|tpch_parquet_2sf|2|pig|parquet|Query 7
1453905627|1453905635|8000|2016/01/27:14:40:27|2016/01/27:14:40:35|0h 0m 8s|tpch|tpch_parquet_2sf|2|pig|parquet|Query 10
1453905635|1453905643|8000|2016/01/27:14:40:35|2016/01/27:14:40:43|0h 0m 8s|tpch|tpch_parquet_2sf|2|pig|parquet|Query 12
1453905643|1453905658|15000|2016/01/27:14:40:43|2016/01/27:14:40:58|0h 0m 15s|tpch|tpch_parquet_2sf|2|pig|parquet|Query 13
1453905658|1453905671|13000|2016/01/27:14:40:58|2016/01/27:14:41:11|0h 0m 13s|tpch|tpch_parquet_2sf|2|pig|parquet|Query 14
1453905671|1453905681|10000|2016/01/27:14:41:11|2016/01/27:14:41:21|0h 0m 10s|tpch|tpch_parquet_2sf|2|pig|parquet|Query 15
1453905681|1453905690|9000|2016/01/27:14:41:21|2016/01/27:14:41:30|0h 0m 9s|tpch|tpch_parquet_2sf|2|pig|parquet|Query 16
1453905690|1453905698|8000|2016/01/27:14:41:30|2016/01/27:14:41:38|0h 0m 8s|tpch|tpch_parquet_2sf|2|pig|parquet|Query 19
1453905698|1453905707|9000|2016/01/27:14:41:38|2016/01/27:14:41:47|0h 0m 9s|tpch|tpch_parquet_2sf|2|pig|parquet|Query 22
1453905745|1453906441|696000|2016/01/27:14:42:25|2016/01/27:14:54:01|0h 11m 36s|tpch|tpch_parquet_2sf|2|pig|parquet|Query 1
1453906441|1453906445|4000|2016/01/27:14:54:01|2016/01/27:14:54:05|0h 0m 4s|tpch|tpch_parquet_2sf|2|pig|parquet|Query 2
1453906456|1453906467|11000|2016/01/27:14:54:16|2016/01/27:14:54:27|0h 0m 11s|tpch|tpch_parquet_2sf|2|pig|parquet|Query 1
1453906467|1453906472|5000|2016/01/27:14:54:27|2016/01/27:14:54:32|0h 0m 5s|tpch|tpch_parquet_2sf|2|pig|parquet|Query 2
1453907915|1453907923|8000|2016/01/27:15:18:35|2016/01/27:15:18:43|0h 0m 8s|tpch|tpch_parquet_2sf|2|pig|parquet|Query 1
1453907923|1453907929|6000|2016/01/27:15:18:43|2016/01/27:15:18:49|0h 0m 6s|tpch|tpch_parquet_2sf|2|pig|parquet|Query 2
1453907929|1453907931|2000|2016/01/27:15:18:49|2016/01/27:15:18:51|0h 0m 2s|tpch|tpch_parquet_2sf|2|pig|parquet|Query 6
1453908084|1453908091|7000|2016/01/27:15:21:24|2016/01/27:15:21:31|0h 0m 7s|tpch|tpch_parquet_2sf|2|pig|parquet|Query 1
1453908091|1453908095|4000|2016/01/27:15:21:31|2016/01/27:15:21:35|0h 0m 4s|tpch|tpch_parquet_2sf|2|pig|parquet|Query 2
1453908151|1453908158|7000|2016/01/27:15:22:31|2016/01/27:15:22:38|0h 0m 7s|tpch|tpch_parquet_2sf|2|pig|parquet|Query 1
1453908158|1453908162|4000|2016/01/27:15:22:38|2016/01/27:15:22:42|0h 0m 4s|tpch|tpch_parquet_2sf|2|pig|parquet|Query 2
1453908210|1453908217|7000|2016/01/27:15:23:30|2016/01/27:15:23:37|0h 0m 7s|tpch|tpch_parquet_2sf|2|pig|parquet|Query 1
1453908217|1453908221|4000|2016/01/27:15:23:37|2016/01/27:15:23:41|0h 0m 4s|tpch|tpch_parquet_2sf|2|pig|parquet|Query 2
1453908221|1453908222|1000|2016/01/27:15:23:41|2016/01/27:15:23:42|0h 0m 1s|tpch|tpch_parquet_2sf|2|pig|parquet|Query 6
1453908271|1453908279|8000|2016/01/27:15:24:31|2016/01/27:15:24:39|0h 0m 8s|tpch|tpch_parquet_2sf|2|pig|parquet|Query 1
1453908279|1453908284|5000|2016/01/27:15:24:39|2016/01/27:15:24:44|0h 0m 5s|tpch|tpch_parquet_2sf|2|pig|parquet|Query 2
1453908564|1453908573|9000|2016/01/27:15:29:24|2016/01/27:15:29:33|0h 0m 9s|tpch|tpch_parquet_2sf|2|pig|parquet|Query 1
1453908573|1453908577|4000|2016/01/27:15:29:33|2016/01/27:15:29:37|0h 0m 4s|tpch|tpch_parquet_2sf|2|pig|parquet|Query 2
1453908824|1453908840|16000|2016/01/27:15:33:44|2016/01/27:15:34:00|0h 0m 16s|tpch|tpch_parquet_2sf|2|pig|parquet|Query 1
1453908840|1453909153|313000|2016/01/27:15:34:00|2016/01/27:15:39:13|0h 5m 13s|tpch|tpch_parquet_2sf|2|pig|parquet|Query 2
1453909153|1453909162|9000|2016/01/27:15:39:13|2016/01/27:15:39:22|0h 0m 9s|tpch|tpch_parquet_2sf|2|pig|parquet|Query 6
1453909162|1453909171|9000|2016/01/27:15:39:22|2016/01/27:15:39:31|0h 0m 9s|tpch|tpch_parquet_2sf|2|pig|parquet|Query 7
1453909171|1453909180|9000|2016/01/27:15:39:31|2016/01/27:15:39:40|0h 0m 9s|tpch|tpch_parquet_2sf|2|pig|parquet|Query 10
1453909180|1453909191|11000|2016/01/27:15:39:40|2016/01/27:15:39:51|0h 0m 11s|tpch|tpch_parquet_2sf|2|pig|parquet|Query 12
1453909191|1453909210|19000|2016/01/27:15:39:51|2016/01/27:15:40:10|0h 0m 19s|tpch|tpch_parquet_2sf|2|pig|parquet|Query 13
1453909210|1453909219|9000|2016/01/27:15:40:10|2016/01/27:15:40:19|0h 0m 9s|tpch|tpch_parquet_2sf|2|pig|parquet|Query 14
1453909219|1453909227|8000|2016/01/27:15:40:19|2016/01/27:15:40:27|0h 0m 8s|tpch|tpch_parquet_2sf|2|pig|parquet|Query 15
1453909227|1453909236|9000|2016/01/27:15:40:27|2016/01/27:15:40:36|0h 0m 9s|tpch|tpch_parquet_2sf|2|pig|parquet|Query 16
1453909236|1453909245|9000|2016/01/27:15:40:36|2016/01/27:15:40:45|0h 0m 9s|tpch|tpch_parquet_2sf|2|pig|parquet|Query 19
1453909245|1453909260|15000|2016/01/27:15:40:45|2016/01/27:15:41:00|0h 0m 15s|tpch|tpch_parquet_2sf|2|pig|parquet|Query 22
1453910266|1453910280|14000|2016/01/27:15:57:46|2016/01/27:15:58:00|0h 0m 14s|tpch|tpch_parquet_2sf|2|pig|parquet|Query 1
1453910280|1453910285|5000|2016/01/27:15:58:00|2016/01/27:15:58:05|0h 0m 5s|tpch|tpch_parquet_2sf|2|pig|parquet|Query 2
1453910285|1453910287|2000|2016/01/27:15:58:05|2016/01/27:15:58:07|0h 0m 2s|tpch|tpch_parquet_2sf|2|pig|parquet|Query 6
1453910379|1453910393|14000|2016/01/27:15:59:39|2016/01/27:15:59:53|0h 0m 14s|tpch|tpch_parquet_2sf|2|pig|parquet|Query 1
1453910393|1453910402|9000|2016/01/27:15:59:53|2016/01/27:16:00:02|0h 0m 9s|tpch|tpch_parquet_2sf|2|pig|parquet|Query 2
1453910505|1453910519|14000|2016/01/27:16:01:45|2016/01/27:16:01:59|0h 0m 14s|tpch|tpch_parquet_2sf|2|pig|parquet|Query 1
1453910519|1453910526|7000|2016/01/27:16:01:59|2016/01/27:16:02:06|0h 0m 7s|tpch|tpch_parquet_2sf|2|pig|parquet|Query 2
1453910590|1453910597|7000|2016/01/27:16:03:10|2016/01/27:16:03:17|0h 0m 7s|tpch|tpch_parquet_2sf|2|pig|parquet|Query 1
1453910597|1453910601|4000|2016/01/27:16:03:17|2016/01/27:16:03:21|0h 0m 4s|tpch|tpch_parquet_2sf|2|pig|parquet|Query 2
1453910700|1453910710|10000|2016/01/27:16:05:00|2016/01/27:16:05:10|0h 0m 10s|tpch|tpch_parquet_2sf|2|pig|parquet|Query 1
1453910710|1453910714|4000|2016/01/27:16:05:10|2016/01/27:16:05:14|0h 0m 4s|tpch|tpch_parquet_2sf|2|pig|parquet|Query 2
1453911401|1453911408|7000|2016/01/27:16:16:41|2016/01/27:16:16:48|0h 0m 7s|tpch|tpch_parquet_2sf|2|pig|parquet|Query 1
1453911408|1453911982|574000|2016/01/27:16:16:48|2016/01/27:16:26:22|0h 9m 34s|tpch|tpch_parquet_2sf|2|pig|parquet|Query 2
1453911982|1453911995|13000|2016/01/27:16:26:22|2016/01/27:16:26:35|0h 0m 13s|tpch|tpch_parquet_2sf|2|pig|parquet|Query 6
1453911995|1453912003|8000|2016/01/27:16:26:35|2016/01/27:16:26:43|0h 0m 8s|tpch|tpch_parquet_2sf|2|pig|parquet|Query 7
1453912003|1453912012|9000|2016/01/27:16:26:43|2016/01/27:16:26:52|0h 0m 9s|tpch|tpch_parquet_2sf|2|pig|parquet|Query 10
1453912012|1453912021|9000|2016/01/27:16:26:52|2016/01/27:16:27:01|0h 0m 9s|tpch|tpch_parquet_2sf|2|pig|parquet|Query 12
1453912022|1453912031|9000|2016/01/27:16:27:02|2016/01/27:16:27:11|0h 0m 9s|tpch|tpch_parquet_2sf|2|pig|parquet|Query 13
1453912031|1453912047|16000|2016/01/27:16:27:11|2016/01/27:16:27:27|0h 0m 16s|tpch|tpch_parquet_2sf|2|pig|parquet|Query 14
1453912047|1453912060|13000|2016/01/27:16:27:27|2016/01/27:16:27:40|0h 0m 13s|tpch|tpch_parquet_2sf|2|pig|parquet|Query 15
1453912060|1453912068|8000|2016/01/27:16:27:40|2016/01/27:16:27:48|0h 0m 8s|tpch|tpch_parquet_2sf|2|pig|parquet|Query 16
1453912068|1453912077|9000|2016/01/27:16:27:48|2016/01/27:16:27:57|0h 0m 9s|tpch|tpch_parquet_2sf|2|pig|parquet|Query 19
1453912077|1453912085|8000|2016/01/27:16:27:57|2016/01/27:16:28:05|0h 0m 8s|tpch|tpch_parquet_2sf|2|pig|parquet|Query 22
1453912274|1453912559|285000|2016/01/27:16:31:14|2016/01/27:16:35:59|0h 4m 45s|tpch|tpch_parquet_2sf|2|pig|parquet|Query 1
1453912559|1453912659|100000|2016/01/27:16:35:59|2016/01/27:16:37:39|0h 1m 40s|tpch|tpch_parquet_2sf|2|pig|parquet|Query 2
1453912659|1453912660|1000|2016/01/27:16:37:39|2016/01/27:16:37:40|0h 0m 1s|tpch|tpch_parquet_2sf|2|pig|parquet|Query 6
1453912661|1453912671|10000|2016/01/27:16:37:41|2016/01/27:16:37:51|0h 0m 10s|tpch|tpch_parquet_2sf|2|pig|parquet|Query 1
1453912671|1453912723|52000|2016/01/27:16:37:51|2016/01/27:16:38:43|0h 0m 52s|tpch|tpch_parquet_2sf|2|pig|parquet|Query 2
1453912728|1453913030|302000|2016/01/27:16:38:48|2016/01/27:16:43:50|0h 5m 2s|tpch|tpch_parquet_2sf|2|pig|parquet|Query 1
1453913030|1453913326|296000|2016/01/27:16:43:50|2016/01/27:16:48:46|0h 4m 56s|tpch|tpch_parquet_2sf|2|pig|parquet|Query 2
1453913326|1453913327|1000|2016/01/27:16:48:46|2016/01/27:16:48:47|0h 0m 1s|tpch|tpch_parquet_2sf|2|pig|parquet|Query 6
1453913332|1453913341|9000|2016/01/27:16:48:52|2016/01/27:16:49:01|0h 0m 9s|tpch|tpch_parquet_2sf|2|pig|parquet|Query 1
1453913341|1453913346|5000|2016/01/27:16:49:01|2016/01/27:16:49:06|0h 0m 5s|tpch|tpch_parquet_2sf|2|pig|parquet|Query 2
1453913387|1453913396|9000|2016/01/27:16:49:47|2016/01/27:16:49:56|0h 0m 9s|tpch|tpch_parquet_2sf|2|pig|parquet|Query 1
1453913396|1453913400|4000|2016/01/27:16:49:56|2016/01/27:16:50:00|0h 0m 4s|tpch|tpch_parquet_2sf|2|pig|parquet|Query 2
1453913495|1453913503|8000|2016/01/27:16:51:35|2016/01/27:16:51:43|0h 0m 8s|tpch|tpch_parquet_2sf|2|pig|parquet|Query 1
1453913503|1453913508|5000|2016/01/27:16:51:43|2016/01/27:16:51:48|0h 0m 5s|tpch|tpch_parquet_2sf|2|pig|parquet|Query 2
1453913658|1453913669|11000|2016/01/27:16:54:18|2016/01/27:16:54:29|0h 0m 11s|tpch|tpch_parquet_2sf|2|pig|parquet|Query 1
1453913670|1453913674|4000|2016/01/27:16:54:30|2016/01/27:16:54:34|0h 0m 4s|tpch|tpch_parquet_2sf|2|pig|parquet|Query 2
1453913674|1453913677|3000|2016/01/27:16:54:34|2016/01/27:16:54:37|0h 0m 3s|tpch|tpch_parquet_2sf|2|pig|parquet|Query 6
1453913718|1453913730|12000|2016/01/27:16:55:18|2016/01/27:16:55:30|0h 0m 12s|tpch|tpch_parquet_2sf|2|pig|parquet|Query 1
1453913730|1453913735|5000|2016/01/27:16:55:30|2016/01/27:16:55:35|0h 0m 5s|tpch|tpch_parquet_2sf|2|pig|parquet|Query 2
1453913880|1453913888|8000|2016/01/27:16:58:00|2016/01/27:16:58:08|0h 0m 8s|tpch|tpch_parquet_2sf|2|pig|parquet|Query 1
1453913888|1453913893|5000|2016/01/27:16:58:08|2016/01/27:16:58:13|0h 0m 5s|tpch|tpch_parquet_2sf|2|pig|parquet|Query 2
1453913893|1453913895|2000|2016/01/27:16:58:13|2016/01/27:16:58:15|0h 0m 2s|tpch|tpch_parquet_2sf|2|pig|parquet|Query 6
1453913933|1453913940|7000|2016/01/27:16:58:53|2016/01/27:16:59:00|0h 0m 7s|tpch|tpch_parquet_2sf|2|pig|parquet|Query 1
1453913940|1453913944|4000|2016/01/27:16:59:00|2016/01/27:16:59:04|0h 0m 4s|tpch|tpch_parquet_2sf|2|pig|parquet|Query 2
1453977761|1453977774|13000|2016/01/28:10:42:41|2016/01/28:10:42:54|0h 0m 13s|tpch|tpch_parquet_2sf|2|pig|parquet|Query 1
1453977774|1453979663|1889000|2016/01/28:10:42:54|2016/01/28:11:14:23|0h 31m 29s|tpch|tpch_parquet_2sf|2|pig|parquet|Query 2
1453979663|1453979665|2000|2016/01/28:11:14:23|2016/01/28:11:14:25|0h 0m 2s|tpch|tpch_parquet_2sf|2|pig|parquet|Query 6
1453979785|1453979798|13000|2016/01/28:11:16:25|2016/01/28:11:16:38|0h 0m 13s|tpch|tpch_parquet_2sf|2|pig|parquet|Query 1
1453979798|1453980105|307000|2016/01/28:11:16:38|2016/01/28:11:21:45|0h 5m 7s|tpch|tpch_parquet_2sf|2|pig|parquet|Query 2
1453981217|1453985818|4601000|2016/01/28:11:40:17|2016/01/28:12:56:58|1h 16m 41s|tpch|tpch_parquet_2sf|2|pig|parquet|Query 1
1453985818|1453986204|386000|2016/01/28:12:56:58|2016/01/28:13:03:24|0h 6m 26s|tpch|tpch_parquet_2sf|2|pig|parquet|Query 2
1453986204|1453986217|13000|2016/01/28:13:03:24|2016/01/28:13:03:37|0h 0m 13s|tpch|tpch_parquet_2sf|2|pig|parquet|Query 6
1453986217|1453986227|10000|2016/01/28:13:03:37|2016/01/28:13:03:47|0h 0m 10s|tpch|tpch_parquet_2sf|2|pig|parquet|Query 7
1453986227|1453986237|10000|2016/01/28:13:03:47|2016/01/28:13:03:57|0h 0m 10s|tpch|tpch_parquet_2sf|2|pig|parquet|Query 10
1453986237|1453986250|13000|2016/01/28:13:03:57|2016/01/28:13:04:10|0h 0m 13s|tpch|tpch_parquet_2sf|2|pig|parquet|Query 12
1453986250|1453986262|12000|2016/01/28:13:04:10|2016/01/28:13:04:22|0h 0m 12s|tpch|tpch_parquet_2sf|2|pig|parquet|Query 13
1453986262|1453986274|12000|2016/01/28:13:04:22|2016/01/28:13:04:34|0h 0m 12s|tpch|tpch_parquet_2sf|2|pig|parquet|Query 14
1453986275|1453986295|20000|2016/01/28:13:04:34|2016/01/28:13:04:55|0h 0m 20s|tpch|tpch_parquet_2sf|2|pig|parquet|Query 15
1453986295|1453986310|15000|2016/01/28:13:04:55|2016/01/28:13:05:10|0h 0m 15s|tpch|tpch_parquet_2sf|2|pig|parquet|Query 16
1453986310|1453986321|11000|2016/01/28:13:05:10|2016/01/28:13:05:21|0h 0m 11s|tpch|tpch_parquet_2sf|2|pig|parquet|Query 19
1453986321|1453986330|9000|2016/01/28:13:05:21|2016/01/28:13:05:30|0h 0m 9s|tpch|tpch_parquet_2sf|2|pig|parquet|Query 22
1453987272|1453987283|11000|2016/01/28:13:21:12|2016/01/28:13:21:23|0h 0m 11s|tpch|tpch_parquet_2sf|2|pig|parquet|Query 1
1453987283|1453987362|79000|2016/01/28:13:21:23|2016/01/28:13:22:42|0h 1m 19s|tpch|tpch_parquet_2sf|2|pig|parquet|Query 2
1453987362|1453987364|2000|2016/01/28:13:22:42|2016/01/28:13:22:44|0h 0m 2s|tpch|tpch_parquet_2sf|2|pig|parquet|Query 6
1453987395|1453987411|16000|2016/01/28:13:23:15|2016/01/28:13:23:31|0h 0m 16s|tpch|tpch_parquet_2sf|2|pig|parquet|Query 1
1453987411|1453987544|133000|2016/01/28:13:23:31|2016/01/28:13:25:44|0h 2m 13s|tpch|tpch_parquet_2sf|2|pig|parquet|Query 2
1453987544|1453987545|1000|2016/01/28:13:25:44|2016/01/28:13:25:45|0h 0m 1s|tpch|tpch_parquet_2sf|2|pig|parquet|Query 6
1453987939|1453987951|12000|2016/01/28:13:32:19|2016/01/28:13:32:31|0h 0m 12s|tpch|tpch_parquet_2sf|2|pig|parquet|Query 1
1453987951|1453987958|7000|2016/01/28:13:32:31|2016/01/28:13:32:38|0h 0m 7s|tpch|tpch_parquet_2sf|2|pig|parquet|Query 2
1453988071|1453988089|18000|2016/01/28:13:34:31|2016/01/28:13:34:49|0h 0m 18s|tpch|tpch_parquet_2sf|2|pig|parquet|Query 1
1453988089|1453988098|9000|2016/01/28:13:34:49|2016/01/28:13:34:58|0h 0m 9s|tpch|tpch_parquet_2sf|2|pig|parquet|Query 2
1453988143|1453988159|16000|2016/01/28:13:35:43|2016/01/28:13:35:59|0h 0m 16s|tpch|tpch_parquet_2sf|2|pig|parquet|Query 1
1453988159|1453988171|12000|2016/01/28:13:35:59|2016/01/28:13:36:11|0h 0m 12s|tpch|tpch_parquet_2sf|2|pig|parquet|Query 2
1453988171|1453988174|3000|2016/01/28:13:36:11|2016/01/28:13:36:14|0h 0m 3s|tpch|tpch_parquet_2sf|2|pig|parquet|Query 6
1453988233|1453988241|8000|2016/01/28:13:37:13|2016/01/28:13:37:21|0h 0m 8s|tpch|tpch_parquet_2sf|2|pig|parquet|Query 1
1453988241|1453988247|6000|2016/01/28:13:37:21|2016/01/28:13:37:27|0h 0m 6s|tpch|tpch_parquet_2sf|2|pig|parquet|Query 2
1453988276|1453988285|9000|2016/01/28:13:37:56|2016/01/28:13:38:05|0h 0m 9s|tpch|tpch_parquet_2sf|2|pig|parquet|Query 1
1453988285|1453988302|17000|2016/01/28:13:38:05|2016/01/28:13:38:22|0h 0m 17s|tpch|tpch_parquet_2sf|2|pig|parquet|Query 2
1453988302|1453988304|2000|2016/01/28:13:38:22|2016/01/28:13:38:24|0h 0m 2s|tpch|tpch_parquet_2sf|2|pig|parquet|Query 6
1453988364|1453988376|12000|2016/01/28:13:39:24|2016/01/28:13:39:36|0h 0m 12s|tpch|tpch_parquet_2sf|2|pig|parquet|Query 1
1453988376|1453988384|8000|2016/01/28:13:39:36|2016/01/28:13:39:44|0h 0m 8s|tpch|tpch_parquet_2sf|2|pig|parquet|Query 2
1453988833|1453988846|13000|2016/01/28:13:47:13|2016/01/28:13:47:26|0h 0m 13s|tpch|tpch_parquet_2sf|2|pig|parquet|Query 1
1453988846|1453988873|27000|2016/01/28:13:47:26|2016/01/28:13:47:53|0h 0m 27s|tpch|tpch_parquet_2sf|2|pig|parquet|Query 2
1453989625|1453989638|13000|2016/01/28:14:00:25|2016/01/28:14:00:38|0h 0m 13s|tpch|tpch_parquet_2sf|2|pig|parquet|Query 1
1453989638|1453989647|9000|2016/01/28:14:00:38|2016/01/28:14:00:47|0h 0m 9s|tpch|tpch_parquet_2sf|2|pig|parquet|Query 2
1453989753|1453989763|10000|2016/01/28:14:02:33|2016/01/28:14:02:43|0h 0m 10s|tpch|tpch_parquet_2sf|2|pig|parquet|Query 1
1453989775|1453989782|7000|2016/01/28:14:02:55|2016/01/28:14:03:02|0h 0m 7s|tpch|tpch_parquet_2sf|2|pig|parquet|Query 1
1453989790|1453989800|10000|2016/01/28:14:03:10|2016/01/28:14:03:20|0h 0m 10s|tpch|tpch_parquet_2sf|2|pig|parquet|Query 1
1453989800|1453989804|4000|2016/01/28:14:03:20|2016/01/28:14:03:24|0h 0m 4s|tpch|tpch_parquet_2sf|2|pig|parquet|Query 2
1453989872|1453989891|19000|2016/01/28:14:04:32|2016/01/28:14:04:51|0h 0m 19s|tpch|tpch_parquet_2sf|2|pig|parquet|Query 1
1453989891|1453989898|7000|2016/01/28:14:04:51|2016/01/28:14:04:58|0h 0m 7s|tpch|tpch_parquet_2sf|2|pig|parquet|Query 2
1453989959|1453990901|942000|2016/01/28:14:05:59|2016/01/28:14:21:41|0h 15m 42s|tpch|tpch_parquet_2sf|2|pig|parquet|Query 1
1453990901|1453991221|320000|2016/01/28:14:21:41|2016/01/28:14:27:01|0h 5m 20s|tpch|tpch_parquet_2sf|2|pig|parquet|Query 2
1453991221|1453991231|10000|2016/01/28:14:27:01|2016/01/28:14:27:11|0h 0m 10s|tpch|tpch_parquet_2sf|2|pig|parquet|Query 6
1453991231|1453991240|9000|2016/01/28:14:27:11|2016/01/28:14:27:20|0h 0m 9s|tpch|tpch_parquet_2sf|2|pig|parquet|Query 7
1453991240|1453991250|10000|2016/01/28:14:27:20|2016/01/28:14:27:30|0h 0m 10s|tpch|tpch_parquet_2sf|2|pig|parquet|Query 10
1453991250|1453991266|16000|2016/01/28:14:27:30|2016/01/28:14:27:46|0h 0m 16s|tpch|tpch_parquet_2sf|2|pig|parquet|Query 12
1453991266|1453991280|14000|2016/01/28:14:27:46|2016/01/28:14:28:00|0h 0m 14s|tpch|tpch_parquet_2sf|2|pig|parquet|Query 13
1453991280|1453991289|9000|2016/01/28:14:28:00|2016/01/28:14:28:09|0h 0m 9s|tpch|tpch_parquet_2sf|2|pig|parquet|Query 14
1453991289|1453991298|9000|2016/01/28:14:28:09|2016/01/28:14:28:18|0h 0m 9s|tpch|tpch_parquet_2sf|2|pig|parquet|Query 15
1453991298|1453991307|9000|2016/01/28:14:28:18|2016/01/28:14:28:27|0h 0m 9s|tpch|tpch_parquet_2sf|2|pig|parquet|Query 16
1453991307|1453991320|13000|2016/01/28:14:28:27|2016/01/28:14:28:40|0h 0m 13s|tpch|tpch_parquet_2sf|2|pig|parquet|Query 19
1453991320|1453991335|15000|2016/01/28:14:28:40|2016/01/28:14:28:55|0h 0m 15s|tpch|tpch_parquet_2sf|2|pig|parquet|Query 22
1453996634|1453996644|10000|2016/01/28:15:57:14|2016/01/28:15:57:24|0h 0m 10s|tpch|tpch_parquet_2sf|2|pig|parquet|Query 1
1453996644|1453996650|6000|2016/01/28:15:57:24|2016/01/28:15:57:30|0h 0m 6s|tpch|tpch_parquet_2sf|2|pig|parquet|Query 2
1454485489|1454485499|10000|2016/02/03:07:44:49|2016/02/03:07:44:59|0h 0m 10s|tpch|tpch_parquet_2sf|2|pig|parquet|Query 1
1454485499|1454485526|27000|2016/02/03:07:44:59|2016/02/03:07:45:26|0h 0m 27s|tpch|tpch_parquet_2sf|2|pig|parquet|Query 2
1454485526|1454485527|1000|2016/02/03:07:45:26|2016/02/03:07:45:27|0h 0m 1s|tpch|tpch_parquet_2sf|2|pig|parquet|Query 6
1454486215|1454486230|15000|2016/02/03:07:56:55|2016/02/03:07:57:10|0h 0m 15s|tpch|tpch_parquet_2sf|2|pig|parquet|Query 1
1454486230|1454486773|543000|2016/02/03:07:57:10|2016/02/03:08:06:13|0h 9m 3s|tpch|tpch_parquet_2sf|2|pig|parquet|Query 2
1454486773|1454486792|19000|2016/02/03:08:06:13|2016/02/03:08:06:32|0h 0m 19s|tpch|tpch_parquet_2sf|2|pig|parquet|Query 6
1454486792|1454486802|10000|2016/02/03:08:06:32|2016/02/03:08:06:42|0h 0m 10s|tpch|tpch_parquet_2sf|2|pig|parquet|Query 7
1454486802|1454486812|10000|2016/02/03:08:06:42|2016/02/03:08:06:52|0h 0m 10s|tpch|tpch_parquet_2sf|2|pig|parquet|Query 10
1454486812|1454486825|13000|2016/02/03:08:06:52|2016/02/03:08:07:05|0h 0m 13s|tpch|tpch_parquet_2sf|2|pig|parquet|Query 12
1454486826|1454486844|18000|2016/02/03:08:07:06|2016/02/03:08:07:24|0h 0m 18s|tpch|tpch_parquet_2sf|2|pig|parquet|Query 13
1454486844|1454486857|13000|2016/02/03:08:07:24|2016/02/03:08:07:37|0h 0m 13s|tpch|tpch_parquet_2sf|2|pig|parquet|Query 14
1454486857|1454486868|11000|2016/02/03:08:07:37|2016/02/03:08:07:48|0h 0m 11s|tpch|tpch_parquet_2sf|2|pig|parquet|Query 15
1454486868|1454486878|10000|2016/02/03:08:07:48|2016/02/03:08:07:58|0h 0m 10s|tpch|tpch_parquet_2sf|2|pig|parquet|Query 16
1454486878|1454486896|18000|2016/02/03:08:07:58|2016/02/03:08:08:16|0h 0m 18s|tpch|tpch_parquet_2sf|2|pig|parquet|Query 19
1454486896|1454486910|14000|2016/02/03:08:08:16|2016/02/03:08:08:30|0h 0m 14s|tpch|tpch_parquet_2sf|2|pig|parquet|Query 22
1454488664|1454488673|9000|2016/02/03:08:37:44|2016/02/03:08:37:53|0h 0m 9s|tpch|tpch_parquet_2sf|2|pig|parquet|Query 1
1454488673|1454489267|594000|2016/02/03:08:37:53|2016/02/03:08:47:47|0h 9m 54s|tpch|tpch_parquet_2sf|2|pig|parquet|Query 2
1454489267|1454489277|10000|2016/02/03:08:47:47|2016/02/03:08:47:57|0h 0m 10s|tpch|tpch_parquet_2sf|2|pig|parquet|Query 6
1454489277|1454489292|15000|2016/02/03:08:47:57|2016/02/03:08:48:12|0h 0m 15s|tpch|tpch_parquet_2sf|2|pig|parquet|Query 7
1454489293|1454489308|15000|2016/02/03:08:48:13|2016/02/03:08:48:28|0h 0m 15s|tpch|tpch_parquet_2sf|2|pig|parquet|Query 10
1454489308|1454489318|10000|2016/02/03:08:48:28|2016/02/03:08:48:38|0h 0m 10s|tpch|tpch_parquet_2sf|2|pig|parquet|Query 12
1454489318|1454489328|10000|2016/02/03:08:48:38|2016/02/03:08:48:48|0h 0m 10s|tpch|tpch_parquet_2sf|2|pig|parquet|Query 13
1454489328|1454489337|9000|2016/02/03:08:48:48|2016/02/03:08:48:57|0h 0m 9s|tpch|tpch_parquet_2sf|2|pig|parquet|Query 14
1454489337|1454489352|15000|2016/02/03:08:48:57|2016/02/03:08:49:12|0h 0m 15s|tpch|tpch_parquet_2sf|2|pig|parquet|Query 15
1454489352|1454489366|14000|2016/02/03:08:49:12|2016/02/03:08:49:26|0h 0m 14s|tpch|tpch_parquet_2sf|2|pig|parquet|Query 16
1454489366|1454489376|10000|2016/02/03:08:49:26|2016/02/03:08:49:36|0h 0m 10s|tpch|tpch_parquet_2sf|2|pig|parquet|Query 19
1454489376|1454489386|10000|2016/02/03:08:49:36|2016/02/03:08:49:46|0h 0m 10s|tpch|tpch_parquet_2sf|2|pig|parquet|Query 22
1454495551|1454495563|12000|2016/02/03:10:32:31|2016/02/03:10:32:43|0h 0m 12s|tpch|tpch_parquet_2sf|2|pig|parquet|Query 1
1454495563|1454496147|584000|2016/02/03:10:32:43|2016/02/03:10:42:27|0h 9m 44s|tpch|tpch_parquet_2sf|2|pig|parquet|Query 2
1454496147|1454496276|129000|2016/02/03:10:42:27|2016/02/03:10:44:36|0h 2m 9s|tpch|tpch_parquet_2sf|2|pig|parquet|Query 6
1454496276|1454496290|14000|2016/02/03:10:44:36|2016/02/03:10:44:50|0h 0m 14s|tpch|tpch_parquet_2sf|2|pig|parquet|Query 7
1454496290|1454496800|510000|2016/02/03:10:44:50|2016/02/03:10:53:20|0h 8m 30s|tpch|tpch_parquet_2sf|2|pig|parquet|Query 10
1454496800|1454497080|280000|2016/02/03:10:53:20|2016/02/03:10:58:00|0h 4m 40s|tpch|tpch_parquet_2sf|2|pig|parquet|Query 12
1454497080|1454497305|225000|2016/02/03:10:58:00|2016/02/03:11:01:45|0h 3m 45s|tpch|tpch_parquet_2sf|2|pig|parquet|Query 13
1454497305|1454497554|249000|2016/02/03:11:01:45|2016/02/03:11:05:54|0h 4m 9s|tpch|tpch_parquet_2sf|2|pig|parquet|Query 14
1454497554|1454497873|319000|2016/02/03:11:05:54|2016/02/03:11:11:13|0h 5m 19s|tpch|tpch_parquet_2sf|2|pig|parquet|Query 15
1454497873|1454498155|282000|2016/02/03:11:11:13|2016/02/03:11:15:55|0h 4m 42s|tpch|tpch_parquet_2sf|2|pig|parquet|Query 16
1454498155|1454498630|475000|2016/02/03:11:15:55|2016/02/03:11:23:50|0h 7m 55s|tpch|tpch_parquet_2sf|2|pig|parquet|Query 19
1454498630|1454498943|313000|2016/02/03:11:23:50|2016/02/03:11:29:03|0h 5m 13s|tpch|tpch_parquet_2sf|2|pig|parquet|Query 22
1454513643|1454513801|158000|2016/02/03:15:34:03|2016/02/03:15:36:41|0h 2m 38s|tpch|tpch_ORC_2sf|2|hive|ORC|Query 1
1454513801|1454514047|246000|2016/02/03:15:36:41|2016/02/03:15:40:47|0h 4m 6s|tpch|tpch_ORC_2sf|2|hive|ORC|Query 2
1454514047|1454514124|77000|2016/02/03:15:40:47|2016/02/03:15:42:04|0h 1m 17s|tpch|tpch_ORC_2sf|2|hive|ORC|Query 6
1454514124|1454514545|421000|2016/02/03:15:42:04|2016/02/03:15:49:04|0h 7m 1s|tpch|tpch_ORC_2sf|2|hive|ORC|Query 7
1454514545|1454514972|427000|2016/02/03:15:49:05|2016/02/03:15:56:12|0h 7m 7s|tpch|tpch_ORC_2sf|2|hive|ORC|Query 10
1454514972|1454515191|219000|2016/02/03:15:56:12|2016/02/03:15:59:51|0h 3m 39s|tpch|tpch_ORC_2sf|2|hive|ORC|Query 12
1454515191|1454515417|226000|2016/02/03:15:59:51|2016/02/03:16:03:37|0h 3m 46s|tpch|tpch_ORC_2sf|2|hive|ORC|Query 13
1454515417|1454515737|320000|2016/02/03:16:03:37|2016/02/03:16:08:57|0h 5m 20s|tpch|tpch_ORC_2sf|2|hive|ORC|Query 14
1454515737|1454516067|330000|2016/02/03:16:08:57|2016/02/03:16:14:27|0h 5m 30s|tpch|tpch_ORC_2sf|2|hive|ORC|Query 15
1454516067|1454516275|208000|2016/02/03:16:14:27|2016/02/03:16:17:55|0h 3m 28s|tpch|tpch_ORC_2sf|2|hive|ORC|Query 16
1454516275|1454516332|57000|2016/02/03:16:17:55|2016/02/03:16:18:52|0h 0m 57s|tpch|tpch_ORC_2sf|2|hive|ORC|Query 19
1454516332|1454516617|285000|2016/02/03:16:18:52|2016/02/03:16:23:37|0h 4m 45s|tpch|tpch_ORC_2sf|2|hive|ORC|Query 22
1454517807|1454518364|557000|2016/02/03:16:43:27|2016/02/03:16:52:44|0h 9m 17s|tpch|tpch_avro_2sf|2|pig|avro|Query 1
1454518364|1454518700|336000|2016/02/03:16:52:44|2016/02/03:16:58:20|0h 5m 36s|tpch|tpch_avro_2sf|2|pig|avro|Query 2
1454518700|1454518878|178000|2016/02/03:16:58:20|2016/02/03:17:01:18|0h 2m 58s|tpch|tpch_avro_2sf|2|pig|avro|Query 6
1454518878|1454519340|462000|2016/02/03:17:01:18|2016/02/03:17:09:00|0h 7m 42s|tpch|tpch_avro_2sf|2|pig|avro|Query 7
1454519340|1454519801|461000|2016/02/03:17:09:00|2016/02/03:17:16:41|0h 7m 41s|tpch|tpch_avro_2sf|2|pig|avro|Query 10
1454519801|1454520116|315000|2016/02/03:17:16:41|2016/02/03:17:21:56|0h 5m 15s|tpch|tpch_avro_2sf|2|pig|avro|Query 12
1454520116|1454520321|205000|2016/02/03:17:21:56|2016/02/03:17:25:21|0h 3m 25s|tpch|tpch_avro_2sf|2|pig|avro|Query 13
1454520321|1454520588|267000|2016/02/03:17:25:21|2016/02/03:17:29:48|0h 4m 27s|tpch|tpch_avro_2sf|2|pig|avro|Query 14
1454520588|1454520908|320000|2016/02/03:17:29:48|2016/02/03:17:35:08|0h 5m 20s|tpch|tpch_avro_2sf|2|pig|avro|Query 15
1454520908|1454521143|235000|2016/02/03:17:35:08|2016/02/03:17:39:03|0h 3m 55s|tpch|tpch_avro_2sf|2|pig|avro|Query 16
1454521143|1454521530|387000|2016/02/03:17:39:03|2016/02/03:17:45:30|0h 6m 27s|tpch|tpch_avro_2sf|2|pig|avro|Query 19
1454521530|1454521763|233000|2016/02/03:17:45:30|2016/02/03:17:49:23|0h 3m 53s|tpch|tpch_avro_2sf|2|pig|avro|Query 22
1454522372|1454522390|18000|2016/02/03:17:59:32|2016/02/03:17:59:50|0h 0m 18s|tpch|tpch_ORC_2sf|2|pig|ORC|Query 1
1454522390|1454522410|20000|2016/02/03:17:59:50|2016/02/03:18:00:10|0h 0m 20s|tpch|tpch_ORC_2sf|2|pig|ORC|Query 2
1454522410|1454522424|14000|2016/02/03:18:00:10|2016/02/03:18:00:24|0h 0m 14s|tpch|tpch_ORC_2sf|2|pig|ORC|Query 6
1454522424|1454522434|10000|2016/02/03:18:00:24|2016/02/03:18:00:34|0h 0m 10s|tpch|tpch_ORC_2sf|2|pig|ORC|Query 7
1454522434|1454522446|12000|2016/02/03:18:00:34|2016/02/03:18:00:46|0h 0m 12s|tpch|tpch_ORC_2sf|2|pig|ORC|Query 10
1454522446|1454522456|10000|2016/02/03:18:00:46|2016/02/03:18:00:56|0h 0m 10s|tpch|tpch_ORC_2sf|2|pig|ORC|Query 12
1454522456|1454522472|16000|2016/02/03:18:00:56|2016/02/03:18:01:12|0h 0m 16s|tpch|tpch_ORC_2sf|2|pig|ORC|Query 13
1454522472|1454522488|16000|2016/02/03:18:01:12|2016/02/03:18:01:28|0h 0m 16s|tpch|tpch_ORC_2sf|2|pig|ORC|Query 14
1454522488|1454522499|11000|2016/02/03:18:01:28|2016/02/03:18:01:39|0h 0m 11s|tpch|tpch_ORC_2sf|2|pig|ORC|Query 15
1454522499|1454522509|10000|2016/02/03:18:01:39|2016/02/03:18:01:49|0h 0m 10s|tpch|tpch_ORC_2sf|2|pig|ORC|Query 16
1454522509|1454522519|10000|2016/02/03:18:01:49|2016/02/03:18:01:59|0h 0m 10s|tpch|tpch_ORC_2sf|2|pig|ORC|Query 19
1454522519|1454522537|18000|2016/02/03:18:01:59|2016/02/03:18:02:17|0h 0m 18s|tpch|tpch_ORC_2sf|2|pig|ORC|Query 22
1454522611|1454522621|10000|2016/02/03:18:03:31|2016/02/03:18:03:41|0h 0m 10s|tpch|tpch_orc_2sf|2|pig|orc|Query 1
1454522621|1454522699|78000|2016/02/03:18:03:41|2016/02/03:18:04:59|0h 1m 18s|tpch|tpch_orc_2sf|2|pig|orc|Query 2
1454522699|1454522700|1000|2016/02/03:18:04:59|2016/02/03:18:05:00|0h 0m 1s|tpch|tpch_orc_2sf|2|pig|orc|Query 6
1454522700|1454522701|1000|2016/02/03:18:05:00|2016/02/03:18:05:01|0h 0m 1s|tpch|tpch_orc_2sf|2|pig|orc|Query 7
1454522756|1454523154|398000|2016/02/03:18:05:56|2016/02/03:18:12:34|0h 6m 38s|tpch|tpch_orc_2sf|2|pig|orc|Query 1
1454523154|1454523517|363000|2016/02/03:18:12:34|2016/02/03:18:18:37|0h 6m 3s|tpch|tpch_orc_2sf|2|pig|orc|Query 2
1454523517|1454523595|78000|2016/02/03:18:18:37|2016/02/03:18:19:55|0h 1m 18s|tpch|tpch_orc_2sf|2|pig|orc|Query 6
1454523595|1454523990|395000|2016/02/03:18:19:55|2016/02/03:18:26:30|0h 6m 35s|tpch|tpch_orc_2sf|2|pig|orc|Query 7
1454523990|1454524359|369000|2016/02/03:18:26:30|2016/02/03:18:32:39|0h 6m 9s|tpch|tpch_orc_2sf|2|pig|orc|Query 10
1454524359|1454524617|258000|2016/02/03:18:32:39|2016/02/03:18:36:57|0h 4m 18s|tpch|tpch_orc_2sf|2|pig|orc|Query 12
1454524617|1454524842|225000|2016/02/03:18:36:57|2016/02/03:18:40:42|0h 3m 45s|tpch|tpch_orc_2sf|2|pig|orc|Query 13
1454524842|1454525010|168000|2016/02/03:18:40:42|2016/02/03:18:43:30|0h 2m 48s|tpch|tpch_orc_2sf|2|pig|orc|Query 14
1454525010|1454525250|240000|2016/02/03:18:43:30|2016/02/03:18:47:30|0h 4m 0s|tpch|tpch_orc_2sf|2|pig|orc|Query 15
1454525250|1454525513|263000|2016/02/03:18:47:30|2016/02/03:18:51:53|0h 4m 23s|tpch|tpch_orc_2sf|2|pig|orc|Query 16
1454525513|1454525838|325000|2016/02/03:18:51:53|2016/02/03:18:57:18|0h 5m 25s|tpch|tpch_orc_2sf|2|pig|orc|Query 19
1454525838|1454526080|242000|2016/02/03:18:57:18|2016/02/03:19:01:20|0h 4m 2s|tpch|tpch_orc_2sf|2|pig|orc|Query 22
1454577219|1454577231|12000|2016/02/04:09:13:39|2016/02/04:09:13:51|0h 0m 12s|tpch|tpch_parquet_8sf|8|pig|parquet|Query 1
1454577231|1454577269|38000|2016/02/04:09:13:51|2016/02/04:09:14:29|0h 0m 38s|tpch|tpch_parquet_8sf|8|pig|parquet|Query 2
1454577269|1454577283|14000|2016/02/04:09:14:29|2016/02/04:09:14:43|0h 0m 14s|tpch|tpch_parquet_8sf|8|pig|parquet|Query 6
1454577283|1454577296|13000|2016/02/04:09:14:43|2016/02/04:09:14:56|0h 0m 13s|tpch|tpch_parquet_8sf|8|pig|parquet|Query 7
1454577296|1454577310|14000|2016/02/04:09:14:56|2016/02/04:09:15:10|0h 0m 14s|tpch|tpch_parquet_8sf|8|pig|parquet|Query 10
1454577310|1454577325|15000|2016/02/04:09:15:10|2016/02/04:09:15:25|0h 0m 15s|tpch|tpch_parquet_8sf|8|pig|parquet|Query 12
1454577325|1454577337|12000|2016/02/04:09:15:25|2016/02/04:09:15:37|0h 0m 12s|tpch|tpch_parquet_8sf|8|pig|parquet|Query 13
1454577337|1454577339|2000|2016/02/04:09:15:37|2016/02/04:09:15:39|0h 0m 2s|tpch|tpch_parquet_8sf|8|pig|parquet|Query 14
1454577359|1454577379|20000|2016/02/04:09:15:59|2016/02/04:09:16:19|0h 0m 20s|tpch|tpch_orc_8sf|8|pig|orc|Query 1
1454577379|1454577403|24000|2016/02/04:09:16:19|2016/02/04:09:16:43|0h 0m 24s|tpch|tpch_orc_8sf|8|pig|orc|Query 2
1454577403|1454577416|13000|2016/02/04:09:16:43|2016/02/04:09:16:56|0h 0m 13s|tpch|tpch_orc_8sf|8|pig|orc|Query 6
1454577416|1454577434|18000|2016/02/04:09:16:56|2016/02/04:09:17:14|0h 0m 18s|tpch|tpch_orc_8sf|8|pig|orc|Query 7
1454577434|1454577438|4000|2016/02/04:09:17:14|2016/02/04:09:17:18|0h 0m 4s|tpch|tpch_orc_8sf|8|pig|orc|Query 10
1454577438|1454577439|1000|2016/02/04:09:17:18|2016/02/04:09:17:19|0h 0m 1s|tpch|tpch_orc_8sf|8|pig|orc|Query 12
1454577453|1454578354|901000|2016/02/04:09:17:33|2016/02/04:09:32:34|0h 15m 1s|tpch|tpch_orc_4sf|4|pig|orc|Query 1
1454578354|1454578978|624000|2016/02/04:09:32:34|2016/02/04:09:42:58|0h 10m 24s|tpch|tpch_orc_4sf|4|pig|orc|Query 2
1454578978|1454579157|179000|2016/02/04:09:42:58|2016/02/04:09:45:57|0h 2m 59s|tpch|tpch_orc_4sf|4|pig|orc|Query 6
1454579157|1454579858|701000|2016/02/04:09:45:57|2016/02/04:09:57:38|0h 11m 41s|tpch|tpch_orc_4sf|4|pig|orc|Query 7
1454579858|1454580592|734000|2016/02/04:09:57:38|2016/02/04:10:09:52|0h 12m 14s|tpch|tpch_orc_4sf|4|pig|orc|Query 10
1454580592|1454581016|424000|2016/02/04:10:09:52|2016/02/04:10:16:56|0h 7m 4s|tpch|tpch_orc_4sf|4|pig|orc|Query 12
1454581016|1454581358|342000|2016/02/04:10:16:56|2016/02/04:10:22:38|0h 5m 42s|tpch|tpch_orc_4sf|4|pig|orc|Query 13
1454581358|1454581656|298000|2016/02/04:10:22:38|2016/02/04:10:27:36|0h 4m 58s|tpch|tpch_orc_4sf|4|pig|orc|Query 14
1454581656|1454582022|366000|2016/02/04:10:27:36|2016/02/04:10:33:42|0h 6m 6s|tpch|tpch_orc_4sf|4|pig|orc|Query 15
1454582023|1454582427|404000|2016/02/04:10:33:43|2016/02/04:10:40:27|0h 6m 44s|tpch|tpch_orc_4sf|4|pig|orc|Query 16
1454582427|1454583082|655000|2016/02/04:10:40:27|2016/02/04:10:51:22|0h 10m 55s|tpch|tpch_orc_4sf|4|pig|orc|Query 19
1454583082|1454583538|456000|2016/02/04:10:51:22|2016/02/04:10:58:58|0h 7m 36s|tpch|tpch_orc_4sf|4|pig|orc|Query 22
1454584361|1454584375|14000|2016/02/04:11:12:41|2016/02/04:11:12:55|0h 0m 14s|tpch|tpch_parquet_4sf|4|pig|parquet|Query 1
1454584375|1454585111|736000|2016/02/04:11:12:55|2016/02/04:11:25:11|0h 12m 16s|tpch|tpch_parquet_4sf|4|pig|parquet|Query 2
1454585111|1454585341|230000|2016/02/04:11:25:11|2016/02/04:11:29:01|0h 3m 50s|tpch|tpch_parquet_4sf|4|pig|parquet|Query 6
1454585341|1454585372|31000|2016/02/04:11:29:01|2016/02/04:11:29:31|0h 0m 31s|tpch|tpch_parquet_4sf|4|pig|parquet|Query 7
1454585372|1454585999|627000|2016/02/04:11:29:32|2016/02/04:11:39:59|0h 10m 27s|tpch|tpch_parquet_4sf|4|pig|parquet|Query 10
1454585999|1454586511|512000|2016/02/04:11:39:59|2016/02/04:11:48:31|0h 8m 32s|tpch|tpch_parquet_4sf|4|pig|parquet|Query 12
1454586511|1454586800|289000|2016/02/04:11:48:31|2016/02/04:11:53:20|0h 4m 49s|tpch|tpch_parquet_4sf|4|pig|parquet|Query 13
1454586800|1454588031|1231000|2016/02/04:11:53:20|2016/02/04:12:13:51|0h 20m 31s|tpch|tpch_parquet_4sf|4|pig|parquet|Query 14
1454588031|1454588490|459000|2016/02/04:12:13:51|2016/02/04:12:21:30|0h 7m 39s|tpch|tpch_parquet_4sf|4|pig|parquet|Query 15
1454588490|1454588921|431000|2016/02/04:12:21:30|2016/02/04:12:28:41|0h 7m 11s|tpch|tpch_parquet_4sf|4|pig|parquet|Query 16
1454588921|1454589540|619000|2016/02/04:12:28:41|2016/02/04:12:39:00|0h 10m 19s|tpch|tpch_parquet_4sf|4|pig|parquet|Query 19
1454589540|1454589932|392000|2016/02/04:12:39:00|2016/02/04:12:45:32|0h 6m 32s|tpch|tpch_parquet_4sf|4|pig|parquet|Query 22
1454592840|1454593199|359000|2016/02/04:13:34:00|2016/02/04:13:39:59|0h 5m 59s|tpch|tpch_avro_4sf|4|pig|avro|Query 1
1454593630|1454594626|996000|2016/02/04:13:47:10|2016/02/04:14:03:46|0h 16m 36s|tpch|tpch_avro_4sf|4|pig|avro|Query 1
1454594626|1454595033|407000|2016/02/04:14:03:46|2016/02/04:14:10:33|0h 6m 47s|tpch|tpch_avro_4sf|4|pig|avro|Query 2
1454595033|1454595358|325000|2016/02/04:14:10:33|2016/02/04:14:15:58|0h 5m 25s|tpch|tpch_avro_4sf|4|pig|avro|Query 6
1454595358|1454596108|750000|2016/02/04:14:15:58|2016/02/04:14:28:28|0h 12m 30s|tpch|tpch_avro_4sf|4|pig|avro|Query 7
1454596108|1454596846|738000|2016/02/04:14:28:28|2016/02/04:14:40:46|0h 12m 18s|tpch|tpch_avro_4sf|4|pig|avro|Query 10
1454596847|1454597414|567000|2016/02/04:14:40:47|2016/02/04:14:50:14|0h 9m 27s|tpch|tpch_avro_4sf|4|pig|avro|Query 12
1454597414|1454597689|275000|2016/02/04:14:50:14|2016/02/04:14:54:49|0h 4m 35s|tpch|tpch_avro_4sf|4|pig|avro|Query 13
1454597689|1454598166|477000|2016/02/04:14:54:49|2016/02/04:15:02:46|0h 7m 57s|tpch|tpch_avro_4sf|4|pig|avro|Query 14
1454598166|1454598682|516000|2016/02/04:15:02:46|2016/02/04:15:11:22|0h 8m 36s|tpch|tpch_avro_4sf|4|pig|avro|Query 15
1454598682|1454599016|334000|2016/02/04:15:11:22|2016/02/04:15:16:56|0h 5m 34s|tpch|tpch_avro_4sf|4|pig|avro|Query 16
1454599016|1454599677|661000|2016/02/04:15:16:56|2016/02/04:15:27:57|0h 11m 1s|tpch|tpch_avro_4sf|4|pig|avro|Query 19
1454599677|1454599995|318000|2016/02/04:15:27:57|2016/02/04:15:33:15|0h 5m 18s|tpch|tpch_avro_4sf|4|pig|avro|Query 22
1454600222|1454600423|201000|2016/02/04:15:37:02|2016/02/04:15:40:23|0h 3m 21s|tpch|tpch_orc_4sf|4|hive|orc|Query 1
1454600423|1454600784|361000|2016/02/04:15:40:23|2016/02/04:15:46:24|0h 6m 1s|tpch|tpch_orc_4sf|4|hive|orc|Query 2
1454600784|1454600861|77000|2016/02/04:15:46:24|2016/02/04:15:47:41|0h 1m 17s|tpch|tpch_orc_4sf|4|hive|orc|Query 6
1454600861|1454601320|459000|2016/02/04:15:47:41|2016/02/04:15:55:20|0h 7m 39s|tpch|tpch_orc_4sf|4|hive|orc|Query 7
1454601320|1454601758|438000|2016/02/04:15:55:20|2016/02/04:16:02:38|0h 7m 18s|tpch|tpch_orc_4sf|4|hive|orc|Query 10
1454601758|1454602246|488000|2016/02/04:16:02:38|2016/02/04:16:10:46|0h 8m 8s|tpch|tpch_orc_4sf|4|hive|orc|Query 12
1454602246|1454602580|334000|2016/02/04:16:10:46|2016/02/04:16:16:20|0h 5m 34s|tpch|tpch_orc_4sf|4|hive|orc|Query 13
1454602580|1454602645|65000|2016/02/04:16:16:20|2016/02/04:16:17:25|0h 1m 5s|tpch|tpch_orc_4sf|4|hive|orc|Query 14
1454602645|1454603182|537000|2016/02/04:16:17:25|2016/02/04:16:26:22|0h 8m 57s|tpch|tpch_orc_4sf|4|hive|orc|Query 15
1454603182|1454604193|1011000|2016/02/04:16:26:22|2016/02/04:16:43:13|0h 16m 51s|tpch|tpch_orc_4sf|4|hive|orc|Query 16
1454604193|1454604258|65000|2016/02/04:16:43:13|2016/02/04:16:44:18|0h 1m 5s|tpch|tpch_orc_4sf|4|hive|orc|Query 19
1454604258|1454604631|373000|2016/02/04:16:44:18|2016/02/04:16:50:31|0h 6m 13s|tpch|tpch_orc_4sf|4|hive|orc|Query 22
1454605185|1454605257|72000|2016/02/04:16:59:45|2016/02/04:17:00:57|0h 1m 12s|tpch|tpch_orc_4sf|4|hive|orc|Query 7
1454605257|1454605580|323000|2016/02/04:17:00:57|2016/02/04:17:06:20|0h 5m 23s|tpch|tpch_orc_4sf|4|hive|orc|Query 10
1454605580|1454605624|44000|2016/02/04:17:06:20|2016/02/04:17:07:04|0h 0m 44s|tpch|tpch_orc_4sf|4|hive|orc|Query 14
1454605624|1454605677|53000|2016/02/04:17:07:04|2016/02/04:17:07:57|0h 0m 53s|tpch|tpch_orc_4sf|4|hive|orc|Query 16
1454605677|1454605731|54000|2016/02/04:17:07:57|2016/02/04:17:08:51|0h 0m 54s|tpch|tpch_orc_4sf|4|hive|orc|Query 19
1454605951|1454606325|374000|2016/02/04:17:12:31|2016/02/04:17:18:45|0h 6m 14s|tpch|tpch_orc_4sf|4|hive|orc|Query 7
1454606325|1454606605|280000|2016/02/04:17:18:45|2016/02/04:17:23:25|0h 4m 40s|tpch|tpch_orc_4sf|4|hive|orc|Query 10
1454606605|1454606669|64000|2016/02/04:17:23:25|2016/02/04:17:24:29|0h 1m 4s|tpch|tpch_orc_4sf|4|hive|orc|Query 14
1454606669|1454606985|316000|2016/02/04:17:24:29|2016/02/04:17:29:45|0h 5m 16s|tpch|tpch_orc_4sf|4|hive|orc|Query 16
1454606985|1454607035|50000|2016/02/04:17:29:45|2016/02/04:17:30:35|0h 0m 50s|tpch|tpch_orc_4sf|4|hive|orc|Query 19
1454612216|1454612234|18000|2016/02/04:18:56:56|2016/02/04:18:57:14|0h 0m 18s|tpch|tpch_parquet_8sf|8|pig|parquet|Query 1
1454612234|1454613172|938000|2016/02/04:18:57:14|2016/02/04:19:12:52|0h 15m 38s|tpch|tpch_parquet_8sf|8|pig|parquet|Query 2
1454613172|1454613502|330000|2016/02/04:19:12:52|2016/02/04:19:18:22|0h 5m 30s|tpch|tpch_parquet_8sf|8|pig|parquet|Query 6
1454613502|1454613520|18000|2016/02/04:19:18:22|2016/02/04:19:18:40|0h 0m 18s|tpch|tpch_parquet_8sf|8|pig|parquet|Query 7
1454613520|1454616604|3084000|2016/02/04:19:18:40|2016/02/04:20:10:04|0h 51m 24s|tpch|tpch_parquet_8sf|8|pig|parquet|Query 10
1454616604|1454617288|684000|2016/02/04:20:10:04|2016/02/04:20:21:28|0h 11m 24s|tpch|tpch_parquet_8sf|8|pig|parquet|Query 12
1454655933|1454655946|13000|2016/02/05:07:05:33|2016/02/05:07:05:46|0h 0m 13s|tpch|tpch_parquet_8sf|8|pig|parquet|Query 1
1454655947|1454656743|796000|2016/02/05:07:05:47|2016/02/05:07:19:03|0h 13m 16s|tpch|tpch_parquet_8sf|8|pig|parquet|Query 2
1454656743|1454657019|276000|2016/02/05:07:19:03|2016/02/05:07:23:39|0h 4m 36s|tpch|tpch_parquet_8sf|8|pig|parquet|Query 6
1454657019|1454657030|11000|2016/02/05:07:23:39|2016/02/05:07:23:50|0h 0m 11s|tpch|tpch_parquet_8sf|8|pig|parquet|Query 7
1454657030|1454657779|749000|2016/02/05:07:23:50|2016/02/05:07:36:19|0h 12m 29s|tpch|tpch_parquet_8sf|8|pig|parquet|Query 10
1454657780|1454658290|510000|2016/02/05:07:36:20|2016/02/05:07:44:50|0h 8m 30s|tpch|tpch_parquet_8sf|8|pig|parquet|Query 12
1454658290|1454658609|319000|2016/02/05:07:44:50|2016/02/05:07:50:09|0h 5m 19s|tpch|tpch_parquet_8sf|8|pig|parquet|Query 13
1454658609|1454658995|386000|2016/02/05:07:50:09|2016/02/05:07:56:35|0h 6m 26s|tpch|tpch_parquet_8sf|8|pig|parquet|Query 14
1454658995|1454659439|444000|2016/02/05:07:56:35|2016/02/05:08:03:59|0h 7m 24s|tpch|tpch_parquet_8sf|8|pig|parquet|Query 15
1454659439|1454659841|402000|2016/02/05:08:03:59|2016/02/05:08:10:41|0h 6m 42s|tpch|tpch_parquet_8sf|8|pig|parquet|Query 16
1454659841|1454660729|888000|2016/02/05:08:10:41|2016/02/05:08:25:29|0h 14m 48s|tpch|tpch_parquet_8sf|8|pig|parquet|Query 19
1454660729|1454661074|345000|2016/02/05:08:25:29|2016/02/05:08:31:14|0h 5m 45s|tpch|tpch_parquet_8sf|8|pig|parquet|Query 22
1454675988|1454677591|1603000|2016/02/05:12:39:48|2016/02/05:13:06:31|0h 26m 43s|tpch|tpch_avro_8sf|8|pig|avro|Query 1
1454677591|1454678183|592000|2016/02/05:13:06:31|2016/02/05:13:16:23|0h 9m 52s|tpch|tpch_avro_8sf|8|pig|avro|Query 2
1454678183|1454678699|516000|2016/02/05:13:16:23|2016/02/05:13:24:59|0h 8m 36s|tpch|tpch_avro_8sf|8|pig|avro|Query 6
1454678699|1454679864|1165000|2016/02/05:13:24:59|2016/02/05:13:44:24|0h 19m 25s|tpch|tpch_avro_8sf|8|pig|avro|Query 7
1454748053|1454749154|1101000|2016/02/06:08:40:53|2016/02/06:08:59:14|0h 18m 21s|tpch|tpch_avro_8sf|8|pig|avro|Query 10
1454749154|1454749925|771000|2016/02/06:08:59:14|2016/02/06:09:12:05|0h 12m 51s|tpch|tpch_avro_8sf|8|pig|avro|Query 12
1454749925|1454750210|285000|2016/02/06:09:12:05|2016/02/06:09:16:50|0h 4m 45s|tpch|tpch_avro_8sf|8|pig|avro|Query 13
1454750210|1454750936|726000|2016/02/06:09:16:50|2016/02/06:09:28:56|0h 12m 6s|tpch|tpch_avro_8sf|8|pig|avro|Query 14
1454750936|1454751780|844000|2016/02/06:09:28:56|2016/02/06:09:43:00|0h 14m 4s|tpch|tpch_avro_8sf|8|pig|avro|Query 15
1454751780|1454752146|366000|2016/02/06:09:43:00|2016/02/06:09:49:06|0h 6m 6s|tpch|tpch_avro_8sf|8|pig|avro|Query 16
1454752146|1454756951|4805000|2016/02/06:09:49:06|2016/02/06:11:09:11|1h 20m 5s|tpch|tpch_avro_8sf|8|pig|avro|Query 19
1454756951|1454756953|2000|2016/02/06:11:09:11|2016/02/06:11:09:13|0h 0m 2s|tpch|tpch_avro_8sf|8|pig|avro|Query 22
1454756985|1454758198|1213000|2016/02/06:11:09:45|2016/02/06:11:29:58|0h 20m 13s|tpch|tpch_avro_8sf|8|pig|avro|Query 19
1454758198|1454758199|1000|2016/02/06:11:29:58|2016/02/06:11:29:59|0h 0m 1s|tpch|tpch_avro_8sf|8|pig|avro|Query 22
1454758754|1454760986|2232000|2016/02/06:11:39:14|2016/02/06:12:16:26|0h 37m 12s|tpch|tpch_avro_8sf|8|pig|avro|Query 19
1454761266|1454761778|512000|2016/02/06:12:21:06|2016/02/06:12:29:38|0h 8m 32s|tpch|tpch_avro_8sf|8|pig|avro|Query 22
1454763796|1454763804|8000|2016/02/06:13:03:16|2016/02/06:13:03:24|0h 0m 8s|tpch|tpch_orc_8sf|8|pig|orc|Query 22
1454763824|1454763835|11000|2016/02/06:13:03:44|2016/02/06:13:03:55|0h 0m 11s|tpch|tpch_orc_8sf|8|pig|orc|Query 1
1454763835|1454764314|479000|2016/02/06:13:03:55|2016/02/06:13:11:54|0h 7m 59s|tpch|tpch_orc_8sf|8|pig|orc|Query 2
1454764314|1454764466|152000|2016/02/06:13:11:54|2016/02/06:13:14:26|0h 2m 32s|tpch|tpch_orc_8sf|8|pig|orc|Query 6
1454764466|1454765023|557000|2016/02/06:13:14:26|2016/02/06:13:23:43|0h 9m 17s|tpch|tpch_orc_8sf|8|pig|orc|Query 7
1454765023|1454765602|579000|2016/02/06:13:23:43|2016/02/06:13:33:22|0h 9m 39s|tpch|tpch_orc_8sf|8|pig|orc|Query 10
1454765602|1454765995|393000|2016/02/06:13:33:22|2016/02/06:13:39:55|0h 6m 33s|tpch|tpch_orc_8sf|8|pig|orc|Query 12
1454765995|1454766302|307000|2016/02/06:13:39:55|2016/02/06:13:45:02|0h 5m 7s|tpch|tpch_orc_8sf|8|pig|orc|Query 13
1454766302|1454766583|281000|2016/02/06:13:45:02|2016/02/06:13:49:43|0h 4m 41s|tpch|tpch_orc_8sf|8|pig|orc|Query 14
1454766583|1454766910|327000|2016/02/06:13:49:43|2016/02/06:13:55:10|0h 5m 27s|tpch|tpch_orc_8sf|8|pig|orc|Query 15
1454766910|1454781561|14651000|2016/02/06:13:55:10|2016/02/06:17:59:21|4h 4m 11s|tpch|tpch_orc_8sf|8|pig|orc|Query 16
1454781481|1454782593|1112000|2016/02/06:17:58:01|2016/02/06:18:16:33|0h 18m 32s|tpch|tpch_orc_8sf|8|pig|orc|Query 16
1454782593|1454783396|803000|2016/02/06:18:16:33|2016/02/06:18:29:56|0h 13m 23s|tpch|tpch_orc_8sf|8|pig|orc|Query 19
1454783396|1454783694|298000|2016/02/06:18:29:56|2016/02/06:18:34:54|0h 4m 58s|tpch|tpch_orc_8sf|8|pig|orc|Query 22
1454783825|1454784284|459000|2016/02/06:18:37:05|2016/02/06:18:44:44|0h 7m 39s|tpch|tpch_orc_8sf|8|pig|orc|Query 16
1454836128|1454836138|10000|2016/02/07:09:08:48|2016/02/07:09:08:58|0h 0m 10s|tpch|tpch_parquet_4sf|4|pig|parquet|Query 1
1454836138|1454836159|21000|2016/02/07:09:08:58|2016/02/07:09:09:19|0h 0m 21s|tpch|tpch_parquet_4sf|4|pig|parquet|Query 2
1454836159|1454836173|14000|2016/02/07:09:09:19|2016/02/07:09:09:33|0h 0m 14s|tpch|tpch_parquet_4sf|4|pig|parquet|Query 6
1454836173|1454836185|12000|2016/02/07:09:09:33|2016/02/07:09:09:45|0h 0m 12s|tpch|tpch_parquet_4sf|4|pig|parquet|Query 7
1454836185|1454836194|9000|2016/02/07:09:09:45|2016/02/07:09:09:54|0h 0m 9s|tpch|tpch_parquet_4sf|4|pig|parquet|Query 10
1454836194|1454836205|11000|2016/02/07:09:09:54|2016/02/07:09:10:05|0h 0m 11s|tpch|tpch_parquet_4sf|4|pig|parquet|Query 12
1454836205|1454836221|16000|2016/02/07:09:10:05|2016/02/07:09:10:21|0h 0m 16s|tpch|tpch_parquet_4sf|4|pig|parquet|Query 13
1454836221|1454836235|14000|2016/02/07:09:10:21|2016/02/07:09:10:35|0h 0m 14s|tpch|tpch_parquet_4sf|4|pig|parquet|Query 14
1454836235|1454836238|3000|2016/02/07:09:10:35|2016/02/07:09:10:38|0h 0m 3s|tpch|tpch_parquet_4sf|4|pig|parquet|Query 15
1454836277|1454836289|12000|2016/02/07:09:11:17|2016/02/07:09:11:29|0h 0m 12s|tpch|tpch_parquet_4sf|4|pig|parquet|Query 1
1454836289|1454836332|43000|2016/02/07:09:11:29|2016/02/07:09:12:12|0h 0m 43s|tpch|tpch_parquet_4sf|4|pig|parquet|Query 2
1454836339|1454836353|14000|2016/02/07:09:12:19|2016/02/07:09:12:33|0h 0m 14s|tpch|tpch_parquet_4sf|4|pig|parquet|Query 1
1454836353|1454836930|577000|2016/02/07:09:12:33|2016/02/07:09:22:10|0h 9m 37s|tpch|tpch_parquet_4sf|4|pig|parquet|Query 2
1454836930|1454837078|148000|2016/02/07:09:22:10|2016/02/07:09:24:38|0h 2m 28s|tpch|tpch_parquet_4sf|4|pig|parquet|Query 6
1454837078|1454837088|10000|2016/02/07:09:24:38|2016/02/07:09:24:48|0h 0m 10s|tpch|tpch_parquet_4sf|4|pig|parquet|Query 7
1454837088|1454837526|438000|2016/02/07:09:24:48|2016/02/07:09:32:06|0h 7m 18s|tpch|tpch_parquet_4sf|4|pig|parquet|Query 10
1454837526|1454837802|276000|2016/02/07:09:32:06|2016/02/07:09:36:42|0h 4m 36s|tpch|tpch_parquet_4sf|4|pig|parquet|Query 12
1454837802|1454838018|216000|2016/02/07:09:36:42|2016/02/07:09:40:18|0h 3m 36s|tpch|tpch_parquet_4sf|4|pig|parquet|Query 13
1454838018|1454838223|205000|2016/02/07:09:40:18|2016/02/07:09:43:43|0h 3m 25s|tpch|tpch_parquet_4sf|4|pig|parquet|Query 14
1454838223|1454838506|283000|2016/02/07:09:43:43|2016/02/07:09:48:26|0h 4m 43s|tpch|tpch_parquet_4sf|4|pig|parquet|Query 15
1454838506|1454838759|253000|2016/02/07:09:48:26|2016/02/07:09:52:39|0h 4m 13s|tpch|tpch_parquet_4sf|4|pig|parquet|Query 16
1454838759|1454839188|429000|2016/02/07:09:52:39|2016/02/07:09:59:48|0h 7m 9s|tpch|tpch_parquet_4sf|4|pig|parquet|Query 19
1454839188|1454839427|239000|2016/02/07:09:59:48|2016/02/07:10:03:47|0h 3m 59s|tpch|tpch_parquet_4sf|4|pig|parquet|Query 22
1454850104|1454850113|9000|2016/02/07:13:01:44|2016/02/07:13:01:53|0h 0m 9s|tpch|tpch_parquet_2sf|2|pig|parquet|Query 1
1454850113|1454850466|353000|2016/02/07:13:01:53|2016/02/07:13:07:46|0h 5m 53s|tpch|tpch_parquet_2sf|2|pig|parquet|Query 2
1454850466|1454850557|91000|2016/02/07:13:07:46|2016/02/07:13:09:17|0h 1m 31s|tpch|tpch_parquet_2sf|2|pig|parquet|Query 6
1454850557|1454850569|12000|2016/02/07:13:09:17|2016/02/07:13:09:29|0h 0m 12s|tpch|tpch_parquet_2sf|2|pig|parquet|Query 7
1454850569|1454850884|315000|2016/02/07:13:09:29|2016/02/07:13:14:44|0h 5m 15s|tpch|tpch_parquet_2sf|2|pig|parquet|Query 10
1454850884|1454851116|232000|2016/02/07:13:14:44|2016/02/07:13:18:36|0h 3m 52s|tpch|tpch_parquet_2sf|2|pig|parquet|Query 12
1454851116|1454851297|181000|2016/02/07:13:18:36|2016/02/07:13:21:37|0h 3m 1s|tpch|tpch_parquet_2sf|2|pig|parquet|Query 13
1454851297|1454851465|168000|2016/02/07:13:21:37|2016/02/07:13:24:25|0h 2m 48s|tpch|tpch_parquet_2sf|2|pig|parquet|Query 14
1454851465|1454851692|227000|2016/02/07:13:24:25|2016/02/07:13:28:12|0h 3m 47s|tpch|tpch_parquet_2sf|2|pig|parquet|Query 15
1454851692|1454851897|205000|2016/02/07:13:28:12|2016/02/07:13:31:37|0h 3m 25s|tpch|tpch_parquet_2sf|2|pig|parquet|Query 16
1454851897|1454852176|279000|2016/02/07:13:31:37|2016/02/07:13:36:16|0h 4m 39s|tpch|tpch_parquet_2sf|2|pig|parquet|Query 19
1454852176|1454852388|212000|2016/02/07:13:36:16|2016/02/07:13:39:48|0h 3m 32s|tpch|tpch_parquet_2sf|2|pig|parquet|Query 22
1454853937|1454853946|9000|2016/02/07:14:05:37|2016/02/07:14:05:46|0h 0m 9s|tpch|tpch_orc_4sf|4|pig|orc|Query 1
1454853946|1454854306|360000|2016/02/07:14:05:46|2016/02/07:14:11:46|0h 6m 0s|tpch|tpch_orc_4sf|4|pig|orc|Query 2
1454854306|1454854405|99000|2016/02/07:14:11:46|2016/02/07:14:13:25|0h 1m 39s|tpch|tpch_orc_4sf|4|pig|orc|Query 6
1454854405|1454854790|385000|2016/02/07:14:13:25|2016/02/07:14:19:50|0h 6m 25s|tpch|tpch_orc_4sf|4|pig|orc|Query 7
1454854790|1454855165|375000|2016/02/07:14:19:50|2016/02/07:14:26:05|0h 6m 15s|tpch|tpch_orc_4sf|4|pig|orc|Query 10
1454855165|1454855422|257000|2016/02/07:14:26:05|2016/02/07:14:30:22|0h 4m 17s|tpch|tpch_orc_4sf|4|pig|orc|Query 12
1454855422|1454855621|199000|2016/02/07:14:30:22|2016/02/07:14:33:41|0h 3m 19s|tpch|tpch_orc_4sf|4|pig|orc|Query 13
1454855621|1454855808|187000|2016/02/07:14:33:41|2016/02/07:14:36:48|0h 3m 7s|tpch|tpch_orc_4sf|4|pig|orc|Query 14
1454855808|1454856059|251000|2016/02/07:14:36:48|2016/02/07:14:40:59|0h 4m 11s|tpch|tpch_orc_4sf|4|pig|orc|Query 15
1454856059|1454856315|256000|2016/02/07:14:40:59|2016/02/07:14:45:15|0h 4m 16s|tpch|tpch_orc_4sf|4|pig|orc|Query 16
1454856315|1454856744|429000|2016/02/07:14:45:15|2016/02/07:14:52:24|0h 7m 9s|tpch|tpch_orc_4sf|4|pig|orc|Query 19
1454856744|1454856975|231000|2016/02/07:14:52:24|2016/02/07:14:56:15|0h 3m 51s|tpch|tpch_orc_4sf|4|pig|orc|Query 22
1454860771|1454860780|9000|2016/02/07:15:59:31|2016/02/07:15:59:40|0h 0m 9s|tpch|tpch_orc_8sf|8|pig|orc|Query 1
1454860780|1454861203|423000|2016/02/07:15:59:40|2016/02/07:16:06:43|0h 7m 3s|tpch|tpch_orc_8sf|8|pig|orc|Query 2
1454861203|1454861359|156000|2016/02/07:16:06:43|2016/02/07:16:09:19|0h 2m 36s|tpch|tpch_orc_8sf|8|pig|orc|Query 6
1454861359|1454861857|498000|2016/02/07:16:09:19|2016/02/07:16:17:37|0h 8m 18s|tpch|tpch_orc_8sf|8|pig|orc|Query 7
1454861857|1454862385|528000|2016/02/07:16:17:37|2016/02/07:16:26:25|0h 8m 48s|tpch|tpch_orc_8sf|8|pig|orc|Query 10
1454862385|1454862737|352000|2016/02/07:16:26:25|2016/02/07:16:32:17|0h 5m 52s|tpch|tpch_orc_8sf|8|pig|orc|Query 12
1454862737|1454862988|251000|2016/02/07:16:32:17|2016/02/07:16:36:28|0h 4m 11s|tpch|tpch_orc_8sf|8|pig|orc|Query 13
1454862988|1454863248|260000|2016/02/07:16:36:28|2016/02/07:16:40:48|0h 4m 20s|tpch|tpch_orc_8sf|8|pig|orc|Query 14
1454863248|1454863546|298000|2016/02/07:16:40:48|2016/02/07:16:45:46|0h 4m 58s|tpch|tpch_orc_8sf|8|pig|orc|Query 15
1454863546|1454863849|303000|2016/02/07:16:45:46|2016/02/07:16:50:49|0h 5m 3s|tpch|tpch_orc_8sf|8|pig|orc|Query 16
1454863849|1454864513|664000|2016/02/07:16:50:49|2016/02/07:17:01:53|0h 11m 4s|tpch|tpch_orc_8sf|8|pig|orc|Query 19
1454864513|1454864803|290000|2016/02/07:17:01:53|2016/02/07:17:06:43|0h 4m 50s|tpch|tpch_orc_8sf|8|pig|orc|Query 22
1454867146|1454867156|10000|2016/02/07:17:45:46|2016/02/07:17:45:56|0h 0m 10s|tpch|tpch_parquet_8sf|8|pig|parquet|Query 1
1454867156|1454867633|477000|2016/02/07:17:45:56|2016/02/07:17:53:53|0h 7m 57s|tpch|tpch_parquet_8sf|8|pig|parquet|Query 2
1454867633|1454867863|230000|2016/02/07:17:53:53|2016/02/07:17:57:43|0h 3m 50s|tpch|tpch_parquet_8sf|8|pig|parquet|Query 6
1454867863|1454867874|11000|2016/02/07:17:57:43|2016/02/07:17:57:54|0h 0m 11s|tpch|tpch_parquet_8sf|8|pig|parquet|Query 7
1454867874|1454868521|647000|2016/02/07:17:57:54|2016/02/07:18:08:41|0h 10m 47s|tpch|tpch_parquet_8sf|8|pig|parquet|Query 10
1454868521|1454869011|490000|2016/02/07:18:08:41|2016/02/07:18:16:51|0h 8m 10s|tpch|tpch_parquet_8sf|8|pig|parquet|Query 12
1454869011|1454869309|298000|2016/02/07:18:16:51|2016/02/07:18:21:49|0h 4m 58s|tpch|tpch_parquet_8sf|8|pig|parquet|Query 13
1454869309|1454869646|337000|2016/02/07:18:21:49|2016/02/07:18:27:26|0h 5m 37s|tpch|tpch_parquet_8sf|8|pig|parquet|Query 14
1454869646|1454870018|372000|2016/02/07:18:27:26|2016/02/07:18:33:38|0h 6m 12s|tpch|tpch_parquet_8sf|8|pig|parquet|Query 15
1454870018|1454870363|345000|2016/02/07:18:33:38|2016/02/07:18:39:23|0h 5m 45s|tpch|tpch_parquet_8sf|8|pig|parquet|Query 16
1454870363|1454873455|3092000|2016/02/07:18:39:23|2016/02/07:19:30:55|0h 51m 32s|tpch|tpch_parquet_8sf|8|pig|parquet|Query 19
1454873455|1454873457|2000|2016/02/07:19:30:55|2016/02/07:19:30:57|0h 0m 2s|tpch|tpch_parquet_8sf|8|pig|parquet|Query 22
1454873478|1454873793|315000|2016/02/07:19:31:18|2016/02/07:19:36:33|0h 5m 15s|tpch|tpch_parquet_8sf|8|pig|parquet|Query 22
